Workbook

Sheet NGDP
A1: YEAR | B1: QUARTER | C1: NGDP1 | D1: NGDP2 | E1: NGDP3 | F1: NGDP4 | G1: NGDP5 | H1: NGDP6 | I1: NGDPA | J1: NGDPB
A2: 1968 | B2: 4 | C2: 870.931 | D2: 884.7816 | E2: 896.5402 | F2: 908.7701 | G2: 923.7701 | H2: 939.7931 | I2: #N/A | J2: #N/A
A3: 1969 | B3: 1 | C3: 887.8413 | D3: 900.6667 | E3: 912.0476 | F3: 926 | G3: 940.9841 | H3: #N/A | I3: #N/A | J3: #N/A
A4: 1969 | B4: 2 | C4: 903.0169 | D4: 916.8814 | E4: 930 | F4: 941.678 | G4: 954.1786 | H4: #N/A | I4: #N/A | J4: #N/A
A5: 1969 | B5: 3 | C5: 924.9322 | D5: 938.7288 | E5: 950.678 | F5: 961.6271 | G5: 973.8644 | H5: #N/A | I5: #N/A | J5: #N/A
A6: 1969 | B6: 4 | C6: 942.8596 | D6: 954.2632 | E6: 963.7895 | F6: 973.2632 | G6: 987.8947 | H6: 1004.5965 | I6: #N/A | J6: #N/A
A7: 1970 | B7: 1 | C7: 952.9483 | D7: 961.8103 | E7: 971.7069 | F7: 985.6034 | G7: 1001.9483 | H7: #N/A | I7: #N/A | J7: #N/A
A8: 1970 | B8: 2 | C8: 960 | D8: 970.9796 | E8: 984.8776 | F8: 1000.3878 | G8: 1016.6939 | H8: 1033.7551 | I8: #N/A | J8: #N/A
A9: 1970 | B9: 3 | C9: 970.0909 | D9: 983.9091 | E9: 998.4364 | F9: 1015.1852 | G9: 1031.2037 | H9: 1048.4906 | I9: #N/A | J9: #N/A
A10: 1970 | B10: 4 | C10: 985.8143 | D10: 992.9 | E10: 1014.9714 | F10: 1033.3429 | G10: 1049.5 | H10: 1067.4493 | I10: #N/A | J10: #N/A
A11: 1971 | B11: 1 | C11: 990.963 | D11: 1016.4815 | E11: 1036.7963 | F11: 1051.8148 | G11: 1073.0926 | H11: 1094.7222 | I11: #N/A | J11: #N/A
A12: 1971 | B12: 2 | C12: 1018.0175 | D12: 1039.4386 | E12: 1055.4737 | F12: 1077.7895 | G12: 1102.0175 | H12: 1125.8772 | I12: #N/A | J12: #N/A
A13: 1971 | B13: 3 | C13: 1057.7162 | D13: 1079.3784 | E13: 1102.8784 | F13: 1127.7568 | G13: 1152.3288 | H13: 1176.726 | I13: #N/A | J13: #N/A
A14: 1971 | B14: 4 | C14: 1060.7632 | D14: 1080.7763 | E14: 1105.0789 | F14: 1129.6316 | G14: 1154.5263 | H14: 1180.1711 | I14: #N/A | J14: #N/A
A15: 1972 | B15: 1 | C15: 1073.1818 | D15: 1099.0909 | E15: 1125.4394 | F15: 1151.2121 | G15: 1177.0606 | H15: 1200.873 | I15: #N/A | J15: #N/A
A16: 1972 | B16: 2 | C16: 1102.9701 | D16: 1131.403 | E16: 1158.5672 | F16: 1184.3284 | G16: 1210.0597 | H16: 1235.194 | I16: #N/A | J16: #N/A
A17: 1972 | B17: 3 | C17: 1137.6935 | D17: 1164.7258 | E17: 1191.8065 | F17: 1219.2097 | G17: 1245.4516 | H17: 1268.7705 | I17: #N/A | J17: #N/A
A18: 1972 | B18: 4 | C18: 1164.0317 | D18: 1192.0794 | E18: 1220.873 | F18: 1247.9683 | G18: 1272.7778 | H18: 1296.7937 | I18: #N/A | J18: #N/A
A19: 1973 | B19: 1 | C19: 1196.0328 | D19: 1225.2623 | E19: 1253.7869 | F19: 1278.377 | G19: 1301.9672 | H19: 1325.9672 | I19: #N/A | J19: #N/A
... A24: 1974 | B24: 2 | C24: 1351.9592 | D24: 1377.9796 | E24: 1407.3061 | F24: 1439.5306 | G24: 1471.5625 | H24: 1505.4468 | I24: #N/A | J24: #N/A
A25: 1974 | B25: 3 | C25: 1383.6481 | D25: 1412.5185 | E25: 1444.0556 | F25: 1476.0185 | G25: 1508.4815 | H25: #N/A | I25: #N/A | J25: #N/A
A26: 1974 | B26: 4 | C26: 1415.0192 | D26: 1434.9434 | E26: 1457.6038 | F26: 1487.9623 | G26: 1524.3396 | H26: 1566.1132 | I26: #N/A | J26: #N/A
A27: 1975 | B27: 1 | C27: 1427.9773 | D27: 1437.5 | E27: 1459.0682 | F27: 1495.4773 | G27: 1536.5455 | H27: 1573.8605 | I27: #N/A | J27: #N/A
A28: 1975 | B28: 2 | C28: 1419.0213 | D28: 1436.1064 | E28: 1469.3617 | F28: 1511.2553 | G28: 1550.766 | H28: 1593.617 | I28: #N/A | J28: #N/A
A29: 1975 | B29: 3 | C29: 1433.3077 | D29: 1473.9231 | E29: 1517.4872 | F29: 1560.6154 | G29: 1604.9231 | H29: 1651.641 | I29: #N/A | J29: #N/A
A30: 1975 | B30: 4 | C30: 1498.0455 | D30: 1542.1364 | E30: 1584.1591 | F30: 1628.3864 | G30: 1670.5909 | H30: 1715.6364 | I30: #N/A | J30: #N/A
A31: 1976 | B31: 1 | C31: 1573.0889 | D31: 1615.7333 | E31: 1660.8 | F31: 1707.9333 | G31: 1757.1333 | H31: 1804.2889 | I31: #N/A | J31: #N/A
A32: 1976 | B32: 2 | C32: 1616 | D32: 1659.1042 | E32: 1705.9375 | F32: 1754.8125 | G32: 1802.3958 | H32: 1848.1042 | I32: #N/A | J32: #N/A
A33: 1976 | B33: 3 | C33: 1673.0278 | D33: 1716.3056 | E33: 1765.8333 | F33: 1814.0278 | G33: 1861.4722 | H33: 1908.3611 | I33: #N/A | J33: #N/A
A34: 1976 | B34: 4 | C34: 1710.3056 | D34: 1756.0833 | E34: 1801.7778 | F34: 1849.2778 | G34: 1897.0278 | H34: 1945.8611 | I34: #N/A | J34: #N/A
A35: 1977 | B35: 1 | C35: 1748.5385 | D35: 1787.1026 | E35: 1838.6923 | F35: 1888.1282 | G35: 1937.8205 | H35: 1983.6923 | I35: #N/A | J35: #N/A
A36: 1977 | B36: 2 | C36: 1792.2 | D36: 1848.625 | E36: 1903 | F36: 1956.725 | G36: 2007.525 | H36: 2056.175 | I36: #N/A | J36: #N/A
A37: 1977 | B37: 3 | C37: 1868.973 | D37: 1919.4865 | E37: 1976.2162 | F37: 2025.6757 | G37: 2076.3243 | H37: 2127.1667 | I37: #N/A | J37: #N/A
... A52: 1981 | B52: 2 | C52: 2840.5789 | D52: 2905.225 | E52: 2980.825 | F52: 3068.925 | G52: 3158.5385 | H52: 3240.775 | I52: #N/A | J52: #N/A
A53: 1981 | B53: 3 | C53: 2881.6774 | D53: 2929.8286 | E53: 2999.8 | F53: 3083.8 | G53: 3164.4571 | H53: 3258.5 | I53: 2919.6765 | J53: 3219.7647
A54: 1981 | B54: 4 | C54: 2949.2143 | D54: 2981.6279 | E54: 3032 | F54: 3102.7381 | G54: 3188.4524 | H54: 3289.3171 | I54: 2917.3 | J54: 3156.35
A55: 1982 | B55: 1 | C55: 2987.303 | D55: 3013.8824 | E55: 3076.3235 | F55: 3159.0588 | G55: 3244.0588 | H55: 3331.4667 | I55: 3119.2727 | J55: 3453.5172
A56: 1982 | B56: 2 | C56: 2993.8095 | D56: 3024.0238 | E56: 3088.1667 | F56: 3161.2143 | G56: 3223.4524 | H56: 3291.5952 | I56: 3064.375 | J56: 3327.6579
A57: 1982 | B57: 3 | C57: 3043.9487 | D57: 3103.1 | E57: 3169.3 | F57: 3235.325 | G57: 3302.425 | H57: 3379.3 | I57: 3076.3421 | J57: 3346.7895
A58: 1982 | B58: 4 | C58: 3088.4324 | D58: 3132.2703 | E58: 3195.1351 | F58: 3261.2162 | G58: 3335.6757 | H58: 3414.1081 | I58: 3066.1176 | J58: 3311.0588
A59: 1983 | B59: 1 | C59: 3100.9722 | D59: 3159.6389 | E59: 3224.0833 | F59: 3293.2778 | G59: 3371.1389 | H59: 3442.4375 | I59: 3255.8056 | J59: 3548.1563
A60: 1983 | B60: 2 | C60: 3174.85 | D60: 3246.275 | E60: 3323.025 | F60: 3396.5 | G60: 3471.3077 | H60: 3551.6154 | I60: 3287.9459 | J60: 3611.9722
A61: 1983 | B61: 3 | C61: 3272.9677 | D61: 3355.1875 | E61: 3431.8438 | F61: 3506.0625 | G61: 3581.7188 | H61: 3652.5313 | I61: 3304.9 | J61: 3625.1
A62: 1983 | B62: 4 | C62: 3362.3714 | D62: 3447.3611 | E62: 3525.1667 | F62: 3603.2778 | G62: 3686.4444 | H62: 3759.25 | I62: 3313.8824 | J62: 3645.1429
A63: 1984 | B63: 1 | C63: 3433.931 | D63: 3516.0333 | E63: 3592.3 | F63: 3673.4333 | G63: 3751.8667 | H63: 3816 | I63: 3641.2759 | J63: 3921.8846
A64: 1984 | B64: 2 | C64: 3538.3235 | D64: 3613.8857 | E64: 3690.3143 | F64: 3770.7714 | G64: 3844.4 | H64: 3916.4286 | I64: 3653.1853 | J64: 3951.2424
... A219: 2023 | B219: 1 | C219: 26132.495 | D219: 26357.907 | E219: 26572.084 | F219: 26803.841 | G219: 27058.834 | H219: 27326.916 | I219: 26698.637 | J219: 27725.979

Sheet PGDP
A1: YEAR | B1: QUARTER | C1: PGDP1 | D1: PGDP2 | E1: PGDP3 | F1: PGDP4 | G1: PGDP5 | H1: PGDP6 | I1: PGDPA | J1: PGDPB
A2: 1968 | B2: 4 | C2: 122 | D2: 123.3253 | E2: 124.2892 | F2: 125.1687 | G2: 126.012 | H2: 126.8675 | I2: #N/A | J2: #N/A
A3: 1969 | B3: 1 | C3: 123.541 | D3: 124.7213 | E3: 125.5246 | F3: 126.459 | G3: 127.2787 | H3: #N/A | I3: #N/A | J3: #N/A
A4: 1969 | B4: 2 | C4: 125 | D4: 125.9298 | E4: 126.9825 | F4: 127.807 | G4: 128.6429 | H4: #N/A | I4: #N/A | J4: #N/A
A5: 1969 | B5: 3 | C5: 127 | D5: 128.4828 | E5: 129.5862 | F5: 130.6379 | G5: 131.5172 | H5: #N/A | I5: #N/A | J5: #N/A
A6: 1969 | B6: 4 | C6: 129.0175 | D6: 130.5263 | E6: 131.8421 | F6: 133.0351 | G6: 134.193 | H6: 135.2632 | I6: #N/A | J6: #N/A
A7: 1970 | B7: 1 | C7: 130.6897 | D7: 132.0517 | E7: 133.2414 | F7: 134.431 | G7: 135.4655 | H7: #N/A | I7: #N/A | J7: #N/A
A8: 1970 | B8: 2 | C8: 132.0833 | D8: 133.6667 | E8: 135.0625 | F8: 136.3542 | G8: 137.5 | H8: 138.6458 | I8: #N/A | J8: #N/A
A9: 1970 | B9: 3 | C9: 134 | D9: 135.0909 | E9: 136.2909 | F9: 137.4074 | G9: 138.463 | H9: 139.5094 | I9: #N/A | J9: #N/A
A10: 1970 | B10: 4 | C10: 135.53 | D10: 136.8557 | E10: 138.1 | F10: 139.2971 | G10: 140.4957 | H10: 141.6343 | I10: #N/A | J10: #N/A
A11: 1971 | B11: 1 | C11: 137.3566 | D11: 138.7132 | E11: 139.983 | F11: 141.3113 | G11: 142.5057 | H11: 143.6396 | I11: #N/A | J11: #N/A
A12: 1971 | B12: 2 | C12: 139.1804 | D12: 140.5054 | E12: 141.8196 | F12: 143.0018 | G12: 144.3268 | H12: 145.5143 | I12: #N/A | J12: #N/A
A13: 1971 | B13: 3 | C13: 142.5887 | D13: 143.5408 | E13: 144.7127 | F13: 145.8648 | G13: 147.0243 | H13: 148.2043 | I13: #N/A | J13: #N/A
A14: 1971 | B14: 4 | C14: 142.2776 | D14: 143.3526 | E14: 144.5329 | F14: 145.7632 | G14: 146.975 | H14: 148.1579 | I14: #N/A | J14: #N/A
A15: 1972 | B15: 1 | C15: 142.7182 | D15: 144.0818 | E15: 145.2955 | F15: 146.4879 | G15: 147.75 | H15: 149.1081 | I15: #N/A | J15: #N/A
A16: 1972 | B16: 2 | C16: 144.9603 | D16: 146.2397 | E16: 147.4721 | F16: 148.7279 | G16: 150.0735 | H16: 151.3588 | I16: #N/A | J16: #N/A
A17: 1972 | B17: 3 | C17: 145.5258 | D17: 146.8 | E17: 148.0806 | F17: 149.479 | G17: 150.7484 | H17: 152.0803 | I17: #N/A | J17: #N/A
A18: 1972 | B18: 4 | C18: 146.2129 | D18: 147.3129 | E18: 148.6968 | F18: 149.8968 | G18: 151.2065 | H18: 152.5226 | I18: #N/A | J18: #N/A
A19: 1973 | B19: 1 | C19: 147.2067 | D19: 148.845 | E19: 150.185 | F19: 151.5433 | G19: 152.8817 | H19: 154.3317 | I19: #N/A | J19: #N/A
... A24: 1974 | B24: 2 | C24: 162.5106 | D24: 165.7851 | E24: 168.6128 | F24: 171.1085 | G24: 173.4872 | H24: 175.6667 | I24: #N/A | J24: #N/A
A25: 1974 | B25: 3 | C25: 167.0685 | D25: 170.5815 | E25: 173.8407 | F25: 176.7093 | G25: 179.5204 | H25: #N/A | I25: #N/A | J25: #N/A
A26: 1974 | B26: 4 | C26: 172.0481 | D26: 176.3288 | E26: 180.0327 | F26: 183.3712 | G26: 186.4269 | H26: 189.2923 | I26: #N/A | J26: #N/A
A27: 1975 | B27: 1 | C27: 177.6911 | D27: 181.7 | E27: 185.3244 | F27: 188.5378 | G27: 191.3378 | H27: 193.8159 | I27: #N/A | J27: #N/A
A28: 1975 | B28: 2 | C28: 181.4128 | D28: 184.1681 | E28: 187.0191 | F28: 189.8638 | G28: 192.5574 | H28: 195.1106 | I28: #N/A | J28: #N/A
A29: 1975 | B29: 3 | C29: 183.9231 | D29: 186.7487 | E29: 189.4846 | F29: 192.2205 | G29: 195.0359 | H29: 197.8974 | I29: #N/A | J29: #N/A
A30: 1975 | B30: 4 | C30: 186.1636 | D30: 189.3023 | E30: 192.1023 | F30: 194.9591 | G30: 197.9227 | H30: 200.975 | I30: #N/A | J30: #N/A
A31: 1976 | B31: 1 | C31: 129.2234 | D31: 130.983 | E31: 133.0404 | F31: 135.183 | G31: 137.4574 | H31: 139.483 | I31: #N/A | J31: #N/A
A32: 1976 | B32: 2 | C32: 130.5396 | D32: 132.4 | E32: 134.4062 | F32: 136.5354 | G32: 138.6958 | H32: 140.9375 | I32: #N/A | J32: #N/A
A33: 1976 | B33: 3 | C33: 132.7833 | D33: 134.55 | E33: 136.5389 | F33: 138.4667 | G33: 140.4583 | H33: 142.5111 | I33: #N/A | J33: #N/A
A34: 1976 | B34: 4 | C34: 134.3583 | D34: 136.2056 | E34: 138.05 | F34: 139.9861 | G34: 141.8528 | H34: 143.8556 | I34: #N/A | J34: #N/A
A35: 1977 | B35: 1 | C35: 136.3132 | D35: 138.2237 | E35: 140.0737 | F35: 141.8421 | G35: 143.8421 | H35: 145.7263 | I35: #N/A | J35: #N/A
A36: 1977 | B36: 2 | C36: 138.075 | D36: 140.4825 | E36: 142.5175 | F36: 144.89 | G36: 147.0175 | H36: 149.1175 | I36: #N/A | J36: #N/A
A37: 1977 | B37: 3 | C37: 140.3811 | D37: 142.5892 | E37: 144.9676 | F37: 147.1486 | G37: 149.4676 | H37: 151.8108 | I37: #N/A | J37: #N/A
... A52: 1981 | B52: 2 | C52: 187.75 | D52: 191.7605 | E52: 195.7921 | F52: 200.0868 | G52: 204.0737 | H52: 208.1444 | I52: #N/A | J52: #N/A
A53: 1981 | B53: 3 | C53: 191.0968 | D53: 194.44 | E53: 198.0229 | F53: 201.7857 | G53: 205.2714 | H53: 209.3676 | I53: 193.0912 | J53: 207.8382
A54: 1981 | B54: 4 | C54: 195.2907 | D54: 199.1341 | E54: 203.0535 | F54: 206.5116 | G54: 210.2372 | H54: 214.0628 | I54: 193.5366 | J54: 208.5415
A55: 1982 | B55: 1 | C55: 199.7618 | D55: 202.7588 | E55: 205.9088 | F55: 209.2676 | G55: 212.8147 | H55: 216.3933 | I55: 207.6424 | J55: 221.4586
A56: 1982 | B56: 2 | C56: 201.8357 | D56: 204.0024 | E56: 206.4619 | F56: 209.581 | G56: 212.481 | H56: 215.231 | I56: 205.555 | J56: 217.1711
A57: 1982 | B57: 3 | C57: 206.2525 | D57: 209.3634 | E57: 212.5366 | F57: 215.2707 | G57: 218.2293 | H57: 221.3268 | I57: 208.1385 | J57: 219.9128
A58: 1982 | B58: 4 | C58: 208.7054 | D58: 211.1 | E58: 213.7351 | F58: 216.5081 | G58: 219.4297 | H58: 222.4973 | I58: 207.3471 | J58: 218.2059
A59: 1983 | B59: 1 | C59: 210.6806 | D59: 212.775 | E59: 215.2444 | F59: 217.8583 | G59: 220.6444 | H59: 222.9774 | I59: 215.925 | J59: 226.8687
A60: 1983 | B60: 2 | C60: 213.3525 | D60: 215.545 | E60: 217.8725 | F60: 220.4325 | G60: 223.1333 | H60: 225.8538 | I60: 216.8324 | J60: 227.2917
A61: 1983 | B61: 3 | C61: 215.03 | D61: 217.2219 | E61: 219.7031 | F61: 222.4 | G61: 225.1469 | H61: 228.1094 | I61: 216.23 | J61: 226.6
A62: 1983 | B62: 4 | C62: 216.3222 | D62: 218.7649 | E62: 221.5216 | F62: 224.3486 | G62: 227.5378 | H62: 230.3216 | I62: 215.6286 | J62: 225.9972
A63: 1984 | B63: 1 | C63: 218.6172 | D63: 221.0267 | E63: 223.5033 | F63: 226.2033 | G63: 229.27 | H63: 232.0621 | I63: 225.0483 | J63: 236.4407
A64: 1984 | B64: 2 | C64: 220.7206 | D64: 223.2057 | E64: 225.8743 | F64: 228.82 | G64: 231.7771 | H64: 234.9857 | I64: 224.7324 | J64: 236.4758
... A219: 2023 | B219: 1 | C219: 129.3707 | D219: 130.404 | E219: 131.3619 | F219: 132.2429 | G219: 133.0681 | H219: 133.8686 | I219: 131.7559 | J219: 134.8328

Sheet CPROF
A1: YEAR | B1: QUARTER | C1: CPROF1 | D1: CPROF2 | E1: CPROF3 | F1: CPROF4 | G1: CPROF5 | H1: CPROF6 | I1: CPROFA | J1: CPROFB
A2: 1968 | B2: 4 | C2: 51.0237 | D2: 51.2553 | E2: 50.9145 | F2: 51.0592 | G2: 51.9882 | H2: 52.9382 | I2: #N/A | J2: #N/A
A3: 1969 | B3: 1 | C3: 51.945 | D3: 51.2933 | E3: 51.075 | F3: 51.715 | G3: 52.4567 | H3: #N/A | I3: #N/A | J3: #N/A
A4: 1969 | B4: 2 | C4: 53.0846 | D4: 53.0135 | E4: 52.4154 | F4: 52.1096 | G4: 52.449 | H4: #N/A | I4: #N/A | J4: #N/A
A5: 1969 | B5: 3 | C5: 51.5667 | D5: 50.9185 | E5: 50.4796 | F5: 50.5852 | G5: 50.9019 | H5: #N/A | I5: #N/A | J5: #N/A
A6: 1969 | B6: 4 | C6: 49.9308 | D6: 48.5904 | E6: 47.9192 | F6: 47.2712 | G6: 48.2538 | H6: 49.6115 | I6: #N/A | J6: #N/A
A7: 1970 | B7: 1 | C7: 48.6309 | D7: 47.0891 | E7: 45.9327 | F7: 47.06 | G7: 48.5873 | H7: #N/A | I7: #N/A | J7: #N/A
A8: 1970 | B8: 2 | C8: 47.066 | D8: 46.0894 | E8: 46.6319 | F8: 47.5128 | G8: 48.5957 | H8: 49.8702 | I8: #N/A | J8: #N/A
A9: 1970 | B9: 3 | C9: 44.3308 | D9: 44.9423 | E9: 45.7192 | F9: 46.8962 | G9: 48.0385 | H9: 49.1077 | I9: #N/A | J9: #N/A
A10: 1970 | B10: 4 | C10: 45.3095 | D10: 44.3841 | E10: 46.4238 | F10: 47.8302 | G10: 48.3254 | H10: 49.7397 | I10: #N/A | J10: #N/A
A11: 1971 | B11: 1 | C11: 43.8422 | D11: 46.1333 | E11: 47.7156 | F11: 48.1467 | G11: 49.5889 | H11: 51.0756 | I11: #N/A | J11: #N/A
A12: 1971 | B12: 2 | C12: 45.2885 | D12: 47.4769 | E12: 47.6673 | F12: 49.7654 | G12: 51.1462 | H12: 53.0827 | I12: #N/A | J12: #N/A
A13: 1971 | B13: 3 | C13: 45.9896 | D13: 48.1806 | E13: 49.994 | F13: 51.8657 | G13: 53.8313 | H13: 55.597 | I13: #N/A | J13: #N/A
A14: 1971 | B14: 4 | C14: 46 | D14: 47.3616 | E14: 49.1708 | F14: 50.8889 | G14: 52.6278 | H14: 54.2847 | I14: #N/A | J14: #N/A
A15: 1972 | B15: 1 | C15: 48.9276 | D15: 51.031 | E15: 53.0517 | F15: 54.8724 | G15: 56.7879 | H15: 57.85 | I15: #N/A | J15: #N/A
A16: 1972 | B16: 2 | C16: 51.7156 | D16: 54.0344 | E16: 56.1094 | F16: 57.9625 | G16: 59.2578 | H16: 60.2828 | I16: #N/A | J16: #N/A
A17: 1972 | B17: 3 | C17: 53.6358 | D17: 56.1273 | E17: 57.9964 | F17: 59.7891 | G17: 61.1564 | H17: 62.2727 | I17: #N/A | J17: #N/A
A18: 1972 | B18: 4 | C18: 53.769 | D18: 56.0121 | E18: 57.7086 | F18: 59.269 | G18: 60.5983 | H18: 61.4017 | I18: #N/A | J18: #N/A
A19: 1973 | B19: 1 | C19: 55.9155 | D19: 58.1345 | E19: 59.7776 | F19: 60.8155 | G19: 61.7241 | H19: 62.3397 | I19: #N/A | J19: #N/A
... A24: 1974 | B24: 2 | C24: 72.8366 | D24: 71.7268 | E24: 71.8146 | F24: 72.1171 | G24: 73.2122 | H24: 74.9125 | I24: #N/A | J24: #N/A
A25: 1974 | B25: 3 | C25: 88.558 | D25: 86.82 | E25: 84.6 | F25: 83.486 | G25: 84.364 | H25: #N/A | I25: #N/A | J25: #N/A
A26: 1974 | B26: 4 | C26: 94.9087 | D26: 85.3152 | E26: 79.363 | F26: 76.5652 | G26: 77.7826 | H26: 80.787 | I26: #N/A | J26: #N/A
A27: 1975 | B27: 1 | C27: 83.4976 | D27: 76.4357 | E27: 73.2476 | F27: 74.4762 | G27: 78.1881 | H27: 80.8857 | I27: #N/A | J27: #N/A
A28: 1975 | B28: 2 | C28: 67.8357 | D28: 66.1357 | E28: 69.631 | F28: 74.6381 | G28: 78.381 | H28: 82.3238 | I28: #N/A | J28: #N/A
A29: 1975 | B29: 3 | C29: 61.9108 | D29: 65.7811 | E29: 70.273 | F29: 74.4811 | G29: 79.2108 | H29: 83.2054 | I29: #N/A | J29: #N/A
A30: 1975 | B30: 4 | C30: 77.6857 | D30: 82.093 | E30: 86.2698 | F30: 89.4884 | G30: 92.8674 | H30: 96.3558 | I30: #N/A | J30: #N/A
A31: 1976 | B31: 1 | C31: 85.2098 | D31: 88.4171 | E31: 92.3829 | F31: 96.5463 | G31: 101.0049 | H31: 103.8951 | I31: #N/A | J31: #N/A
A32: 1976 | B32: 2 | C32: 84.9205 | D32: 89.525 | E32: 93.4682 | F32: 97.2841 | G32: 100.65 | H32: 103.7386 | I32: #N/A | J32: #N/A
A33: 1976 | B33: 3 | C33: 84.4909 | D33: 88.0242 | E33: 92.0848 | F33: 95.003 | G33: 98.2 | H33: 101.8121 | I33: #N/A | J33: #N/A
A34: 1976 | B34: 4 | C34: 84.9633 | D34: 87.9867 | E34: 90.27 | F34: 93 | G34: 95.07 | H34: 97.1133 | I34: #N/A | J34: #N/A
A35: 1977 | B35: 1 | C35: 88.5788 | D35: 89.9515 | E35: 93.8364 | F35: 96.9939 | G35: 100.0121 | H35: 101.4242 | I35: #N/A | J35: #N/A
A36: 1977 | B36: 2 | C36: 88.4395 | D36: 92.4474 | E36: 95.7711 | F36: 99.3395 | G36: 101.4421 | H36: 103.7395 | I36: #N/A | J36: #N/A
A37: 1977 | B37: 3 | C37: 100.803 | D37: 103.4559 | E37: 106.1059 | F37: 107.7941 | G37: 110.2559 | H37: 112.7824 | I37: #N/A | J37: #N/A
... A52: 1981 | B52: 2 | C52: 168.6559 | D52: 163.9 | E52: 165.3889 | F52: 172.4 | G52: 175.7889 | H52: 182.0914 | I52: #N/A | J52: #N/A
A53: 1981 | B53: 3 | C53: 154.9036 | D53: 153.7844 | E53: 160.7531 | F53: 166.1419 | G53: 172.36 | H53: 181.6483 | I53: 161.0871 | J53: 177.9613
A54: 1981 | B54: 4 | C54: 150.1158 | D54: 143.739 | E54: 141.5732 | F54: 147.4 | G54: 158.3902 | H54: 168.8875 | I54: 153.7658 | J54: 154.4947
A55: 1982 | B55: 1 | C55: 144.2483 | D55: 135.2567 | E55: 140.67 | F55: 150.5033 | G55: 159.56 | H55: 164.4385 | I55: 146.3966 | J55: 171.6885
A56: 1982 | B56: 2 | C56: 123.6316 | D56: 121.6892 | E56: 131.1405 | F56: 138.2432 | G56: 141.9297 | H56: 147.2027 | I56: 129.0286 | J56: 151.8088
A57: 1982 | B57: 3 | C57: 113.4 | D57: 118.5421 | E57: 124.9579 | F57: 127.8921 | G57: 134.6447 | H57: 139.4737 | I57: 122.5429 | J57: 137.5971
A58: 1982 | B58: 4 | C58: 118.4457 | D58: 120.4912 | E58: 123.3706 | F58: 129.1647 | G58: 134.8941 | H58: 140.6088 | I58: 118.0844 | J58: 132.4906
A59: 1983 | B59: 1 | C59: 119.5 | D59: 123.0706 | E59: 128.7853 | F59: 136.4412 | G59: 143.1294 | H59: 146.6867 | I59: 131.7588 | J59: 153.8548
A60: 1983 | B60: 2 | C60: 121.3657 | D60: 133.0556 | E60: 143.9667 | F60: 151.5639 | G60: 156.7543 | H60: 163.9914 | I60: 138.7676 | J60: 170.1
A61: 1983 | B61: 3 | C61: 122.3357 | D61: 135.8172 | E61: 144.5276 | F61: 148.6069 | G61: 155.5759 | H61: 161.6138 | I61: 129.2214 | J61: 158.9714
A62: 1983 | B62: 4 | C62: 142.2857 | D62: 151.3206 | E62: 155.7265 | F62: 162.5735 | G62: 168.7471 | H62: 175.25 | I62: 132.5364 | J62: 164.5606
A63: 1984 | B63: 1 | C63: 145.4414 | D63: 150.4759 | E63: 156.7 | F63: 162.7793 | G63: 169.1966 | H63: 172.8704 | I63: 159.1464 | J63: 176.044
A64: 1984 | B64: 2 | C64: 148.7594 | D64: 153.1303 | E64: 159.0091 | F64: 162.5545 | G64: 165.3875 | H64: 168.9469 | I64: 155.7969 | J64: 170.0968
... A219: 2023 | B219: 1 | C219: 2585.4608 | D219: 2604.9673 | E219: 2596.3715 | F219: 2587.0623 | G219: 2598.0425 | H219: 2629.1617 | I219: 2596.602 | J219: 2667.6766

Sheet UNEMP
A1: YEAR | B1: QUARTER | C1: UNEMP1 | D1: UNEMP2 | E1: UNEMP3 | F1: UNEMP4 | G1: UNEMP5 | H1: UNEMP6 | I1: UNEMPA | J1: UNEMPB | K1: UNEMPC | L1: UNEMPD
A2: 1968 | B2: 4 | C2: 3.5974 | D2: 3.6218 | E2: 3.8359 | F2: 4.0231 | G2: 3.991 | H2: 3.9397 | I2: #N/A | J2: #N/A | K2: #N/A | L2: #N/A
A3: 1969 | B3: 1 | C3: 3.4 | D3: 3.5656 | E3: 3.7738 | F3: 3.8525 | G3: 3.8623 | H3: #N/A | I3: #N/A | J3: #N/A | K3: #N/A | L3: #N/A
A4: 1969 | B4: 2 | C4: 3.3036 | D4: 3.4607 | E4: 3.6446 | F4: 3.8196 | G4: 3.9111 | H4: #N/A | I4: #N/A | J4: #N/A | K4: #N/A | L4: #N/A
A5: 1969 | B5: 3 | C5: 3.5036 | D5: 3.6375 | E5: 3.8214 | F5: 3.9304 | G5: 3.9875 | H5: #N/A | I5: #N/A | J5: #N/A | K5: #N/A | L5: #N/A
A6: 1969 | B6: 4 | C6: 3.7055 | D6: 3.8382 | E6: 4.1509 | F6: 4.4127 | G6: 4.4036 | H6: 4.3473 | I6: #N/A | J6: #N/A | K6: #N/A | L6: #N/A
A7: 1970 | B7: 1 | C7: 3.6034 | D7: 4.031 | E7: 4.3586 | F7: 4.4086 | G7: 4.3345 | H7: #N/A | I7: #N/A | J7: #N/A | K7: #N/A | L7: #N/A
A8: 1970 | B8: 2 | C8: 4.2143 | D8: 4.6381 | E8: 4.75 | F8: 4.7286 | G8: 4.6524 | H8: 4.5119 | I8: #N/A | J8: #N/A | K8: #N/A | L8: #N/A
A9: 1970 | B9: 3 | C9: 4.8074 | D9: 5.0556 | E9: 5.1259 | F9: 5.0566 | G9: 4.9226 | H9: 4.7827 | I9: #N/A | J9: #N/A | K9: #N/A | L9: #N/A
A10: 1970 | B10: 4 | C10: 5.229 | D10: 5.6812 | E10: 5.7058 | F10: 5.5942 | G10: 5.5232 | H10: 5.3652 | I10: #N/A | J10: #N/A | K10: #N/A | L10: #N/A
A11: 1971 | B11: 1 | C11: 5.8333 | D11: 5.9685 | E11: 5.8278 | F11: 5.7611 | G11: 5.6167 | H11: 5.4259 | I11: #N/A | J11: #N/A | K11: #N/A | L11: #N/A
A12: 1971 | B12: 2 | C12: 5.9211 | D12: 5.9088 | E12: 5.8158 | F12: 5.7088 | G12: 5.5316 | H12: 5.3456 | I12: #N/A | J12: #N/A | K12: #N/A | L12: #N/A
A13: 1971 | B13: 3 | C13: 5.9685 | D13: 5.8479 | E13: 5.6726 | F13: 5.4918 | G13: 5.3139 | H13: 5.1472 | I13: #N/A | J13: #N/A | K13: #N/A | L13: #N/A
A14: 1971 | B14: 4 | C14: 5.9882 | D14: 5.8934 | E14: 5.7737 | F14: 5.6066 | G14: 5.4487 | H14: 5.2763 | I14: #N/A | J14: #N/A | K14: #N/A | L14: #N/A
A15: 1972 | B15: 1 | C15: 5.9864 | D15: 5.8545 | E15: 5.7 | F15: 5.5197 | G15: 5.3621 | H15: 5.2635 | I15: #N/A | J15: #N/A | K15: #N/A | L15: #N/A
A16: 1972 | B16: 2 | C16: 5.809 | D16: 5.7194 | E16: 5.5478 | F16: 5.3851 | G16: 5.2716 | H16: 5.191 | I16: #N/A | J16: #N/A | K16: #N/A | L16: #N/A
A17: 1972 | B17: 3 | C17: 5.7919 | D17: 5.5581 | E17: 5.3984 | F17: 5.2806 | G17: 5.179 | H17: 5.1148 | I17: #N/A | J17: #N/A | K17: #N/A | L17: #N/A
A18: 1972 | B18: 4 | C18: 5.5079 | D18: 5.346 | E18: 5.2175 | F18: 5.0825 | G18: 5.0095 | H18: 4.9333 | I18: #N/A | J18: #N/A | K18: #N/A | L18: #N/A
A19: 1973 | B19: 1 | C19: 5.2839 | D19: 5.0645 | E19: 4.9403 | F19: 4.8677 | G19: 4.8323 | H19: 4.8387 | I19: #N/A | J19: #N/A | K19: #N/A | L19: #N/A
... A24: 1974 | B24: 2 | C24: 5.1979 | D24: 5.3875 | E24: 5.6187 | F24: 5.6958 | G24: 5.6298 | H24: 5.5522 | I24: #N/A | J24: #N/A | K24: #N/A | L24: #N/A
A25: 1974 | B25: 3 | C25: 5.1278 | D25: 5.413 | E25: 5.6722 | F25: 5.8222 | G25: 5.8407 | H25: #N/A | I25: #N/A | J25: #N/A | K25: #N/A | L25: #N/A
A26: 1974 | B26: 4 | C26: 5.5132 | D26: 6.366 | E26: 6.9226 | F26: 7.1925 | G26: 7.1849 | H26: 6.9906 | I26: #N/A | J26: #N/A | K26: #N/A | L26: #N/A
A27: 1975 | B27: 1 | C27: 6.5216 | D27: 8.0351 | E27: 8.3324 | F27: 8.2919 | G27: 8.1054 | H27: 7.9528 | I27: #N/A | J27: #N/A | K27: #N/A | L27: #N/A
A28: 1975 | B28: 2 | C28: 8.4087 | D28: 9.013 | E28: 9.05 | F28: 8.8239 | G28: 8.5739 | H28: 8.2891 | I28: #N/A | J28: #N/A | K28: #N/A | L28: #N/A
A29: 1975 | B29: 3 | C29: 8.8895 | D29: 8.7132 | E29: 8.5816 | F29: 8.3895 | G29: 8.1211 | H29: 7.8474 | I29: #N/A | J29: #N/A | K29: #N/A | L29: #N/A
A30: 1975 | B30: 4 | C30: 8.4 | D30: 8.3404 | E30: 8.1468 | F30: 7.9532 | G30: 7.7255 | H30: 7.5277 | I30: #N/A | J30: #N/A | K30: #N/A | L30: #N/A
A31: 1976 | B31: 1 | C31: 8.4083 | D31: 7.9375 | E31: 7.7521 | F31: 7.5646 | G31: 7.3771 | H31: 7.2083 | I31: #N/A | J31: #N/A | K31: #N/A | L31: #N/A
A32: 1976 | B32: 2 | C32: 7.5958 | D32: 7.4104 | E32: 7.2375 | F32: 7.0417 | G32: 6.8687 | H32: 6.7042 | I32: #N/A | J32: #N/A | K32: #N/A | L32: #N/A
A33: 1976 | B33: 3 | C33: 7.3971 | D33: 7.3486 | E33: 7.1114 | F33: 6.9143 | G33: 6.7371 | H33: 6.6143 | I33: #N/A | J33: #N/A | K33: #N/A | L33: #N/A
A34: 1976 | B34: 4 | C34: 7.8 | D34: 7.7189 | E34: 7.5432 | F34: 7.3486 | G34: 7.1811 | H34: 7.0324 | I34: #N/A | J34: #N/A | K34: #N/A | L34: #N/A
A35: 1977 | B35: 1 | C35: 7.95 | D35: 7.8368 | E35: 7.5816 | F35: 7.3447 | G35: 7.1947 | H35: 7.0553 | I35: #N/A | J35: #N/A | K35: #N/A | L35: #N/A
A36: 1977 | B36: 2 | C36: 7.4024 | D36: 7.122 | E36: 7.0073 | F36: 6.9049 | G36: 6.8024 | H36: 6.6805 | I36: #N/A | J36: #N/A | K36: #N/A | L36: #N/A
A37: 1977 | B37: 3 | C37: 7.0054 | D37: 6.9432 | E37: 6.8514 | F37: 6.773 | G37: 6.6649 | H37: 6.6162 | I37: #N/A | J37: #N/A | K37: #N/A | L37: #N/A
... A52: 1981 | B52: 2 | C52: 7.3243 | D52: 7.4051 | E52: 7.4436 | F52: 7.3 | G52: 7.1897 | H52: 7.0711 | I52: #N/A | J52: #N/A | K52: #N/A | L52: #N/A
A53: 1981 | B53: 3 | C53: 7.3871 | D53: 7.3057 | E53: 7.4657 | F53: 7.5086 | G53: 7.4143 | H53: 7.2794 | I53: 7.3738 | J53: 7.3353 | K53: #N/A | L53: #N/A
A54: 1981 | B54: 4 | C54: 7.2238 | D54: 8.086 | E54: 8.3488 | F54: 8.3023 | G54: 8.1512 | H54: 7.9619 | I54: 7.5231 | J54: 8.1949 | K54: #N/A | L54: #N/A
A55: 1982 | B55: 1 | C55: 8.425 | D55: 8.9848 | E55: 9.0727 | F55: 8.8818 | G55: 8.7091 | H55: 8.5586 | I55: 8.7394 | J55: 8.2 | K55: #N/A | L55: #N/A
A56: 1982 | B56: 2 | C56: 8.8238 | D56: 9.3905 | E56: 9.4024 | F56: 9.25 | G56: 9.1 | H56: 8.9381 | I56: 9.195 | J56: 8.8053 | K56: #N/A | L56: #N/A
A57: 1982 | B57: 3 | C57: 9.4976 | D57: 9.769 | E57: 9.6071 | F57: 9.419 | G57: 9.2786 | H57: 9.0976 | I57: 9.4256 | J57: 9.1128 | K57: #N/A | L57: #N/A
A58: 1982 | B58: 4 | C58: 9.9158 | D58: 10.4105 | E58: 10.3368 | F58: 10.1447 | G58: 9.9053 | H58: 9.65 | I58: 9.6686 | J58: 9.9771 | K58: #N/A | L58: #N/A
A59: 1983 | B59: 1 | C59: 10.6568 | D59: 10.5892 | E59: 10.4108 | F59: 10.1784 | G59: 9.9919 | H59: 9.8594 | I59: 10.2811 | J59: 9.3879 | K59: #N/A | L59: #N/A
A60: 1983 | B60: 2 | C60: 10.341 | D60: 10.1641 | E60: 9.9205 | F60: 9.7385 | G60: 9.5368 | H60: 9.3158 | I60: 10.0139 | J60: 9.0857 | K60: #N/A | L60: #N/A
A61: 1983 | B61: 3 | C61: 10.071 | D61: 9.5156 | E61: 9.2812 | F61: 9.0469 | G61: 8.8875 | H61: 8.7094 | I61: 9.7733 | J61: 8.7867 | K61: #N/A | L61: #N/A
A62: 1983 | B62: 4 | C62: 9.3833 | D62: 8.9167 | E62: 8.725 | F62: 8.5472 | G62: 8.3694 | H62: 8.1722 | I62: 9.6736 | J62: 8.4269 | K62: #N/A | L62: #N/A
A63: 1984 | B63: 1 | C63: 8.49 | D63: 8.0548 | E63: 7.8742 | F63: 7.7226 | G63: 7.5613 | H63: 7.531 | I63: 7.8033 | J63: 7.5731 | K63: #N/A | L63: #N/A
A64: 1984 | B64: 2 | C64: 7.8765 | D64: 7.6971 | E64: 7.5371 | F64: 7.4143 | G64: 7.3343 | H64: 7.2886 | I64: 7.6147 | J64: 7.2788 | K64: #N/A | L64: #N/A
... A163: 2009 | B163: 1 | C163: 6.8969 | D163: 7.7649 | E163: 8.327 | F163: 8.6922 | G163: 8.8751 | H163: 8.8929 | I163: 8.411 | J163: 8.6524 | K163: #N/A | L163: #N/A
A164: 2009 | B164: 2 | C164: 8.0993 | D164: 9.0424 | E164: 9.5203 | F164: 9.7309 | G164: 9.7548 | H164: 9.6306 | I164: 9.1057 | J164: 9.4859 | K164: 8.579 | L164: 7.5032
A165: 2009 | B165: 3 | C165: 9.2029 | D165: 9.6268 | E165: 9.8509 | F165: 9.8659 | G165: 9.736 | H165: 9.5045 | I165: 9.1974 | J165: 9.5805 | K165: 8.7563 | L165: 7.7974
A166: 2009 | B166: 4 | C166: 9.6009 | D166: 10.1029 | E166: 10.2297 | F166: 10.1528 | G166: 9.9895 | H166: 9.7806 | I166: 9.2673 | J166: 10.0373 | K166: 9.1009 | L166: 8.1336
A167: 2010 | B167: 1 | C167: 10.0008 | D167: 9.9308 | E167: 9.8659 | F167: 9.7873 | G167: 9.616 | H167: 9.4188 | I167: 9.8052 | J167: 9.0669 | K167: 8.2027 | L167: 7.3415
A168: 2010 | B168: 2 | C168: 9.7 | D168: 9.749 | E168: 9.6044 | F168: 9.4073 | G168: 9.2144 | H168: 8.9993 | I168: 9.6145 | J168: 8.8608 | K168: 7.9863 | L168: 7.2191
A169: 2010 | B169: 3 | C169: 9.7 | D169: 9.6323 | E169: 9.5546 | F169: 9.387 | G169: 9.2087 | H169: 9.0168 | I169: 9.6646 | J169: 9.1256 | K169: 8.2078 | L169: 7.4244
A170: 2010 | B170: 4 | C170: 9.5992 | D170: 9.6215 | E170: 9.5378 | F170: 9.3942 | G170: 9.2381 | H170: 9.0485 | I170: 9.6525 | J170: 9.3247 | K170: 8.608 | L170: 7.8586
A171: 2011 | B171: 1 | C171: 9.6 | D171: 9.2925 | E171: 9.2127 | F171: 9.0415 | G171: 8.8336 | H171: 8.6686 | I171: 9.0947 | J171: 8.4137 | K171: 7.6376 | L171: 6.9624
A172: 2011 | B172: 2 | C172: 8.9 | D172: 8.8271 | E172: 8.6546 | F172: 8.4799 | G172: 8.3161 | H172: 8.1798 | I172: 8.711 | J172: 8.0958 | K172: 7.5434 | L172: 6.8911
A173: 2011 | B173: 3 | C173: 9.1 | D173: 9.0673 | E173: 8.9511 | F173: 8.8369 | G173: 8.7251 | H173: 8.6266 | I173: 8.9988 | J173: 8.691 | K173: 8.2114 | L173: 7.5638
A174: 2011 | B174: 4 | C174: 9.1 | D174: 9.0263 | E174: 8.9303 | F174: 8.8404 | G174: 8.7697 | H174: 8.6869 | I174: 9.0267 | J174: 8.8144 | K174: 8.3254 | L174: 7.6431
A175: 2012 | B175: 1 | C175: 8.7 | D175: 8.3964 | E175: 8.3209 | F175: 8.2193 | G175: 8.1191 | H175: 8.0237 | I175: 8.2691 | J175: 7.8301 | K175: 7.2681 | L175: 6.6479
... A219: 2023 | B219: 1 | C219: 3.6 | D219: 3.5923 | E219: 3.8147 | F219: 4.0796 | G219: 4.2608 | H219: 4.3717 | I219: 3.9381 | J219: 4.3512 | K219: 4.2605 | L219: 4.1593

Sheet EMP
A1: YEAR | B1: QUARTER | C1: EMP1 | D1: EMP2 | E1: EMP3 | F1: EMP4 | G1: EMP5 | H1: EMP6 | I1: EMPA | J1: EMPB
A2: 1968 | B2: 4 | C2: #N/A | D2: #N/A | E2: #N/A | F2: #N/A | G2: #N/A | H2: #N/A | I2: #N/A | J2: #N/A
A3: 1969 | B3: 1 | C3: #N/A | D3: #N/A | E3: #N/A | F3: #N/A | G3: #N/A | H3: #N/A | I3: #N/A | J3: #N/A
A4: 1969 | B4: 2 | C4: #N/A | D4: #N/A | E4: #N/A | F4: #N/A | G4: #N/A | H4: #N/A | I4: #N/A | J4: #N/A
A5: 1969 | B5: 3 | C5: #N/A | D5: #N/A | E5: #N/A | F5: #N/A | G5: #N/A | H5: #N/A | I5: #N/A | J5: #N/A
A6: 1969 | B6: 4 | C6: #N/A | D6: #N/A | E6: #N/A | F6: #N/A | G6: #N/A | H6: #N/A | I6: #N/A | J6: #N/A
A7: 1970 | B7: 1 | C7: #N/A | D7: #N/A | E7: #N/A | F7: #N/A | G7: #N/A | H7: #N/A | I7: #N/A | J7: #N/A
A8: 1970 | B8: 2 | C8: #N/A | D8: #N/A | E8: #N/A | F8: #N/A | G8: #N/A | H8: #N/A | I8: #N/A | J8: #N/A
A9: 1970 | B9: 3 | C9: #N/A | D9: #N/A | E9: #N/A | F9: #N/A | G9: #N/A | H9: #N/A | I9: #N/A | J9: #N/A
A10: 1970 | B10: 4 | C10: #N/A | D10: #N/A | E10: #N/A | F10: #N/A | G10: #N/A | H10: #N/A | I10: #N/A | J10: #N/A
A11: 1971 | B11: 1 | C11: #N/A | D11: #N/A | E11: #N/A | F11: #N/A | G11: #N/A | H11: #N/A | I11: #N/A | J11: #N/A
A12: 1971 | B12: 2 | C12: #N/A | D12: #N/A | E12: #N/A | F12: #N/A | G12: #N/A | H12: #N/A | I12: #N/A | J12: #N/A
A13: 1971 | B13: 3 | C13: #N/A | D13: #N/A | E13: #N/A | F13: #N/A | G13: #N/A | H13: #N/A | I13: #N/A | J13: #N/A
... A141: 2003 | B141: 3 | C141: #N/A | D141: #N/A | E141: #N/A | F141: #N/A | G141: #N/A | H141: #N/A | I141: #N/A | J141: #N/A
A142: 2003 | B142: 4 | C142: 129857.38 | D142: 130190.19 | E142: 130585.36 | F142: 131035.77 | G142: 131523.62 | H142: 131970.96 | I142: 130066.54 | J142: 131281
A143: 2004 | B143: 1 | C143: 130004.96 | D143: 130317.88 | E143: 130774.6 | F143: 131324.12 | G143: 131890.68 | H143: 132504.32 | I143: 131076.8 | J143: 133394.24
A144: 2004 | B144: 2 | C144: 130335.71 | D144: 130976.58 | E144: 131544.46 | F144: 132133.83 | G144: 132685.29 | H144: 133281.43 | I144: 131261.33 | J144: 133533.17
A145: 2004 | B145: 3 | C145: 131140.39 | D145: 131540.78 | E145: 132111.04 | F145: 132686.13 | G145: 133286.74 | H145: 133873.83 | I145: 131324.04 | J145: 133573.52
A146: 2004 | B146: 4 | C146: 131476.92 | D146: 131991.75 | E146: 132555.54 | F146: 133138.46 | G146: 133685.92 | H146: 134214.62 | I146: 131287.12 | J146: 133399.67
A147: 2005 | B147: 1 | C147: 132116 | D147: 132585.85 | E147: 133162.58 | F147: 133701.24 | G147: 134252.79 | H147: 134845.64 | I147: 133425 | J147: 135586.5
A148: 2005 | B148: 2 | C148: 132778.25 | D148: 133392.15 | E148: 133931.83 | F148: 134475.49 | G148: 134986.86 | H148: 135496.68 | I148: 133644.79 | J148: 135684.02
A149: 2005 | B149: 3 | C149: 133406.84 | D149: 133944.7 | E149: 134435.35 | F149: 135012.56 | G149: 135520 | H149: 135993.98 | I149: 133655.58 | J149: 135701.6
A150: 2005 | B150: 4 | C150: 133988.23 | D150: 134293.85 | E150: 134824.4 | F150: 135349.98 | G150: 135849.67 | H150: 136321.73 | I150: 133629.63 | J150: 135599.7
A151: 2006 | B151: 1 | C151: 134294 | D151: 134819.86 | E151: 135300.55 | F151: 135764.69 | G151: 136215.9 | H151: 136637.4 | I151: 135529.95 | J151: 137301.41
A152: 2006 | B152: 2 | C152: 134747.08 | D152: 135252.65 | E152: 135739.27 | F152: 136189.04 | G152: 136623.44 | H152: 137067.27 | I152: 135481.77 | J152: 137212.28
A153: 2006 | B153: 3 | C153: 135122.09 | D153: 135509.05 | E153: 135896.71 | F153: 136241.26 | G153: 136616.18 | H153: 137004.18 | I153: 135303.65 | J153: 136699.64
... A219: 2023 | B219: 1 | C219: 153509 | D219: 154172.3 | E219: 154327.73 | F219: 154248.02 | G219: 154242.45 | H219: 154381.61 | I219: 154383.73 | J219: 154934.96

Sheet INDPROD
A1: YEAR | B1: QUARTER | C1: INDPROD1 | D1: INDPROD2 | E1: INDPROD3 | F1: INDPROD4 | G1: INDPROD5 | H1: INDPROD6 | I1: INDPRODA | J1: INDPRODB
A2: 1968 | B2: 4 | C2: 164.8049 | D2: 165.6707 | E2: 166.0244 | F2: 166.561 | G2: 168.2561 | H2: 170.0732 | I2: #N/A | J2: #N/A
A3: 1969 | B3: 1 | C3: 167.0169 | D3: 167.9661 | E3: 168.2542 | F3: 169.4407 | G3: 170.9492 | H3: #N/A | I3: #N/A | J3: #N/A
A4: 1969 | B4: 2 | C4: 169.9818 | D4: 171.1455 | E4: 171.7273 | F4: 171.9091 | G4: 172.6038 | H4: #N/A | I4: #N/A | J4: #N/A
A5: 1969 | B5: 3 | C5: 173.0526 | D5: 174.1404 | E5: 173.9123 | F5: 173.9298 | G5: 174.4386 | H5: #N/A | I5: #N/A | J5: #N/A
A6: 1969 | B6: 4 | C6: 173.9423 | D6: 172.9038 | E6: 171.7115 | F6: 171.3077 | G6: 172.6731 | H6: 174.6154 | I6: #N/A | J6: #N/A
A7: 1970 | B7: 1 | C7: 171.9815 | D7: 170.1296 | E7: 169.8333 | F7: 171.3519 | G7: 173.4074 | H7: #N/A | I7: #N/A | J7: #N/A
A8: 1970 | B8: 2 | C8: 170.0238 | D8: 169.7143 | E8: 170.5238 | F8: 172.1429 | G8: 173.881 | H8: 175.881 | I8: #N/A | J8: #N/A
A9: 1970 | B9: 3 | C9: 169.0189 | D9: 169.3019 | E9: 170.5094 | F9: 172.4423 | G9: 174.1923 | H9: 175.9615 | I9: #N/A | J9: #N/A
A10: 1970 | B10: 4 | C10: 167.7059 | D10: 164.6324 | E10: 169.4412 | F10: 172.4706 | G10: 173.5588 | H10: 175.6176 | I10: #N/A | J10: #N/A
A11: 1971 | B11: 1 | C11: 163 | D11: 168.1373 | E11: 171.8235 | F11: 172.8235 | G11: 175.549 | H11: 177.8824 | I11: #N/A | J11: #N/A
A12: 1971 | B12: 2 | C12: 165 | D12: 169.2037 | E12: 170.1111 | F12: 173.3889 | G12: 176.3704 | H12: 179.1481 | I12: #N/A | J12: #N/A
A13: 1971 | B13: 3 | C13: 167.7536 | D13: 170.9855 | E13: 174.0145 | F13: 177.2754 | G13: 180.4058 | H13: 183.2464 | I13: #N/A | J13: #N/A
A14: 1971 | B14: 4 | C14: 105.9041 | D14: 107.1806 | E14: 109.2778 | F14: 111.4028 | G14: 113.5417 | H14: 115.5694 | I14: #N/A | J14: #N/A
A15: 1972 | B15: 1 | C15: 107.0484 | D15: 109.0492 | E15: 111.5082 | F15: 113.5738 | G15: 115.8525 | H15: 117.7119 | I15: #N/A | J15: #N/A
A16: 1972 | B16: 2 | C16: 108.9839 | D16: 111.6774 | E16: 114.0806 | F16: 116.2742 | G16: 117.871 | H16: 119.8387 | I16: #N/A | J16: #N/A
A17: 1972 | B17: 3 | C17: 112.1017 | D17: 114.4068 | E17: 116.7119 | F17: 118.5424 | G17: 120.2881 | H17: 121.8983 | I17: #N/A | J17: #N/A
A18: 1972 | B18: 4 | C18: 115.0847 | D18: 117.3448 | E18: 119.2586 | F18: 121.0862 | G18: 122.6897 | H18: 123.8793 | I18: #N/A | J18: #N/A
A19: 1973 | B19: 1 | C19: 118 | D19: 120.386 | E19: 122.5088 | F19: 124.1754 | G19: 125.5614 | H19: 126.5088 | I19: #N/A | J19: #N/A
... A24: 1974 | B24: 2 | C24: 124.9783 | D24: 124.1739 | E24: 124.8043 | F24: 125.8913 | G24: 127.2222 | H24: 128.9091 | I24: #N/A | J24: #N/A
A25: 1974 | B25: 3 | C25: 125 | D25: 125.48 | E25: 126.34 | F25: 127.16 | G25: 128.34 | H25: #N/A | I25: #N/A | J25: #N/A
A26: 1974 | B26: 4 | C26: 125 | D26: 122.78 | E26: 121.22 | F26: 121.26 | G26: 122.54 | H26: 124.58 | I26: #N/A | J26: #N/A
A27: 1975 | B27: 1 | C27: 121.9762 | D27: 117.381 | E27: 116.6667 | F27: 117.881 | G27: 120.4048 | H27: 122.5952 | I27: #N/A | J27: #N/A
A28: 1975 | B28: 2 | C28: 110.9333 | D28: 109.6889 | E28: 111.2667 | F28: 114.1333 | G28: 117.0222 | H28: 119.8667 | I28: #N/A | J28: #N/A
A29: 1975 | B29: 3 | C29: 110 | D29: 111.6842 | E29: 114.3421 | F29: 117.1316 | G29: 119.9211 | H29: 122.8947 | I29: #N/A | J29: #N/A
A30: 1975 | B30: 4 | C30: 114.0444 | D30: 117.1333 | E30: 119.6667 | F30: 122.2889 | G30: 124.8444 | H30: 127.3778 | I30: #N/A | J30: #N/A
A31: 1976 | B31: 1 | C31: 117.8 | D31: 120.2 | E31: 123.0444 | F31: 125.7333 | G31: 128.6222 | H31: 131.0682 | I31: #N/A | J31: #N/A
A32: 1976 | B32: 2 | C32: 120.087 | D32: 123 | E32: 125.8043 | F32: 128.5652 | G32: 130.8913 | H32: 133.087 | I32: #N/A | J32: #N/A
A33: 1976 | B33: 3 | C33: 128.4857 | D33: 130.9143 | E33: 133.4571 | F33: 135.8286 | G33: 138 | H33: 139.8571 | I33: #N/A | J33: #N/A
A34: 1976 | B34: 4 | C34: 131 | D34: 132.9375 | E34: 135.125 | F34: 137.3125 | G34: 139.4375 | H34: 141.0938 | I34: #N/A | J34: #N/A
A35: 1977 | B35: 1 | C35: 132.0526 | D35: 132.5789 | E35: 136 | F35: 138.6842 | G35: 141.1842 | H35: 143.3421 | I35: #N/A | J35: #N/A
A36: 1977 | B36: 2 | C36: 133.875 | D36: 136.625 | E36: 139.2 | F36: 141.45 | G36: 143.375 | H36: 145.3 | I36: #N/A | J36: #N/A
A37: 1977 | B37: 3 | C37: 137.9429 | D37: 139.9429 | E37: 141.9429 | F37: 143.6286 | G37: 145.3714 | H37: 146.9429 | I37: #N/A | J37: #N/A
... A52: 1981 | B52: 2 | C52: 151.9189 | D52: 152.2105 | E52: 153.8158 | F52: 156.2105 | G52: 158.6842 | H52: 161.027 | I52: #N/A | J52: #N/A
A53: 1981 | B53: 3 | C53: 152.9677 | D53: 152.9412 | E53: 153.5588 | F53: 155.3529 | G53: 157.4706 | H53: 160.2727 | I53: 152.8788 | J53: 158.7879
A54: 1981 | B54: 4 | C54: 153 | D54: 149.1136 | E54: 147.6744 | F54: 149.3023 | G54: 152.1163 | H54: 155.3571 | I54: 151.725 | J54: 151.15
A55: 1982 | B55: 1 | C55: 146.125 | D55: 141.9394 | E55: 143.7879 | F55: 147.0606 | G55: 150.1212 | H55: 152.4138 | I55: 145.9032 | J55: 155.5714
A56: 1982 | B56: 2 | C56: 141.3415 | D56: 140.3415 | E56: 142.7805 | F56: 145.3902 | G56: 147.4634 | H56: 149.5366 | I56: 142.4359 | J56: 151.1579
A57: 1982 | B57: 3 | C57: 139.0263 | D57: 139.2632 | E57: 141.5 | F57: 143.6316 | G57: 145.8421 | H57: 148.3947 | I57: 140.4722 | J57: 147.3611
A58: 1982 | B58: 4 | C58: 138 | D58: 137.2222 | E58: 138.9722 | F58: 141.0556 | G58: 143.4722 | H58: 145.8333 | I58: 139.0882 | J58: 143.2059
A59: 1983 | B59: 1 | C59: 134.9722 | D59: 137.1111 | E59: 139.75 | F59: 142.8611 | G59: 145.8056 | H59: 148.1613 | I59: 141.2778 | J59: 150.9375
A60: 1983 | B60: 2 | C60: 138 | D60: 141.9487 | E60: 145.2564 | F60: 148.5641 | G60: 150.5 | H60: 153.1053 | I60: 143.6389 | J60: 154.9429
A61: 1983 | B61: 3 | C61: 144 | D61: 148.9032 | E61: 151.8387 | F61: 154.0645 | G61: 156.6129 | H61: 159.1935 | I61: 146.2069 | J61: 158.2414
A62: 1983 | B62: 4 | C62: 151.8889 | D62: 155.6944 | E62: 158.0556 | F62: 160.0556 | G62: 162.3056 | H62: 164.2222 | I62: 147.8108 | J62: 161.1622
A63: 1984 | B63: 1 | C63: 155.9655 | D63: 159 | E63: 161.3793 | F63: 163.3103 | G63: 165 | H63: 166.2593 | I63: 162.0714 | J63: 168.68
A64: 1984 | B64: 2 | C64: 160 | D64: 162.9118 | E64: 165 | F64: 166.5588 | G64: 168.1515 | H64: 169 | I64: 163.697 | J64: 170.0968
... A219: 2023 | B219: 1 | C219: 104.1043 | D219: 103.9407 | E219: 103.7162 | F219: 103.6286 | G219: 103.7244 | H219: 103.9382 | I219: 103.7524 | J219: 104.5141

Sheet HOUSING
A1: YEAR | B1: QUARTER | C1: HOUSING1 | D1: HOUSING2 | E1: HOUSING3 | F1: HOUSING4 | G1: HOUSING5 | H1: HOUSING6 | I1: HOUSINGA | J1: HOUSINGB
A2: 1968 | B2: 4 | C2: 1.5194 | D2: 1.5298 | E2: 1.5442 | F2: 1.5843 | G2: 1.6407 | H2: 1.6819 | I2: #N/A | J2: #N/A
A3: 1969 | B3: 1 | C3: 1.5602 | D3: 1.5454 | E3: 1.5639 | F3: 1.6067 | G3: 1.6441 | H3: #N/A | I3: #N/A | J3: #N/A
A4: 1969 | B4: 2 | C4: 1.673 | D4: 1.5826 | E4: 1.5639 | F4: 1.5717 | G4: 1.6242 | H4: #N/A | I4: #N/A | J4: #N/A
A5: 1969 | B5: 3 | C5: 1.4958 | D5: 1.4068 | E5: 1.3739 | F5: 1.4419 | G5: 1.5631 | H5: #N/A | I5: #N/A | J5: #N/A
A6: 1969 | B6: 4 | C6: 1.4064 | D6: 1.2961 | E6: 1.2562 | F6: 1.33 | G6: 1.447 | H6: 1.5514 | I6: #N/A | J6: #N/A
A7: 1970 | B7: 1 | C7: 1.2977 | D7: 1.2186 | E7: 1.2614 | F7: 1.3655 | G7: 1.4673 | H7: #N/A | I7: #N/A | J7: #N/A
A8: 1970 | B8: 2 | C8: 1.2265 | D8: 1.2753 | E8: 1.3574 | F8: 1.4198 | G8: 1.4788 | H8: 1.5398 | I8: #N/A | J8: #N/A
A9: 1970 | B9: 3 | C9: 1.2706 | D9: 1.3567 | E9: 1.4439 | F9: 1.4933 | G9: 1.5812 | H9: 1.6466 | I9: #N/A | J9: #N/A
A10: 1970 | B10: 4 | C10: 1.5086 | D10: 1.5645 | E10: 1.6123 | F10: 1.6712 | G10: 1.7142 | H10: 1.7383 | I10: #N/A | J10: #N/A
A11: 1971 | B11: 1 | C11: 1.7518 | D11: 1.7971 | E11: 1.8512 | F11: 1.8953 | G11: 1.9 | H11: 1.9086 | I11: #N/A | J11: #N/A
A12: 1971 | B12: 2 | C12: 1.79 | D12: 1.8564 | E12: 1.8862 | F12: 1.9145 | G12: 1.9455 | H12: 1.9648 | I12: #N/A | J12: #N/A
A13: 1971 | B13: 3 | C13: 2.0179 | D13: 2.004 | E13: 2.0086 | F13: 2.0432 | G13: 2.0532 | H13: 2.0415 | I13: #N/A | J13: #N/A
A14: 1971 | B14: 4 | C14: 2.1258 | D14: 2.0815 | E14: 2.0818 | F14: 2.1123 | G14: 2.1037 | H14: 2.07 | I14: #N/A | J14: #N/A
A15: 1972 | B15: 1 | C15: 2.2879 | D15: 2.2007 | E15: 2.1946 | F15: 2.1731 | G15: 2.1185 | H15: 2.0678 | I15: #N/A | J15: #N/A
A16: 1972 | B16: 2 | C16: 2.4935 | D16: 2.3302 | E16: 2.2386 | F16: 2.1676 | G16: 2.1155 | H16: 2.0795 | I16: #N/A | J16: #N/A
A17: 1972 | B17: 3 | C17: 2.263 | D17: 2.2079 | E17: 2.1403 | F17: 2.0977 | G17: 2.0707 | H17: 2.0438 | I17: #N/A | J17: #N/A
A18: 1972 | B18: 4 | C18: 2.3615 | D18: 2.3105 | E18: 2.2193 | F18: 2.162 | G18: 2.0915 | H18: 2.011 | I18: #N/A | J18: #N/A
A19: 1973 | B19: 1 | C19: 2.4035 | D19: 2.3157 | E19: 2.2065 | F19: 2.1343 | G19: 2.0585 | H19: 2.0008 | I19: #N/A | J19: #N/A
... A24: 1974 | B24: 2 | C24: 1.5882 | D24: 1.5659 | E24: 1.62 | F24: 1.6818 | G24: 1.7481 | H24: 1.8424 | I24: #N/A | J24: #N/A
A25: 1974 | B25: 3 | C25: 1.57 | D25: 1.4976 | E25: 1.5212 | F25: 1.5873 | G25: 1.671 | H25: #N/A | I25: #N/A | J25: #N/A
A26: 1974 | B26: 4 | C26: 1.2022 | D26: 1.0972 | E26: 1.145 | F26: 1.2988 | G26: 1.4528 | H26: 1.5992 | I26: #N/A | J26: #N/A
A27: 1975 | B27: 1 | C27: 0.98 | D27: 0.9918 | E27: 1.1434 | F27: 1.3118 | G27: 1.4464 | H27: 1.5649 | I27: #N/A | J27: #N/A
A28: 1975 | B28: 2 | C28: 0.9886 | D28: 1.065 | E28: 1.23 | F28: 1.3964 | G28: 1.5123 | H28: 1.6132 | I28: #N/A | J28: #N/A
A29: 1975 | B29: 3 | C29: 1.0778 | D29: 1.1939 | E29: 1.3267 | F29: 1.4394 | G29: 1.5378 | H29: 1.6364 | I29: #N/A | J29: #N/A
A30: 1975 | B30: 4 | C30: 1.2476 | D30: 1.3153 | E30: 1.4047 | F30: 1.4879 | G30: 1.5643 | H30: 1.6198 | I30: #N/A | J30: #N/A
A31: 1976 | B31: 1 | C31: 1.3659 | D31: 1.408 | E31: 1.5061 | F31: 1.5891 | G31: 1.6539 | H31: 1.687 | I31: #N/A | J31: #N/A
A32: 1976 | B32: 2 | C32: 1.4083 | D32: 1.5241 | E32: 1.6098 | F32: 1.6754 | G32: 1.7193 | H32: 1.7646 | I32: #N/A | J32: #N/A
A33: 1976 | B33: 3 | C33: 1.4312 | D33: 1.5362 | E33: 1.5982 | F33: 1.6418 | G33: 1.6856 | H33: 1.6932 | I33: #N/A | J33: #N/A
A34: 1976 | B34: 4 | C34: 1.5897 | D34: 1.6663 | E34: 1.6863 | F34: 1.7409 | G34: 1.796 | H34: 1.8197 | I34: #N/A | J34: #N/A
A35: 1977 | B35: 1 | C35: 1.8145 | D35: 1.755 | E35: 1.8353 | F35: 1.8792 | G35: 1.8939 | H35: 1.8642 | I35: #N/A | J35: #N/A
A36: 1977 | B36: 2 | C36: 1.7828 | D36: 1.9149 | E36: 1.9333 | F36: 1.9495 | G36: 1.939 | H36: 1.9392 | I36: #N/A | J36: #N/A
A37: 1977 | B37: 3 | C37: 1.893 | D37: 1.9061 | E37: 1.9061 | F37: 1.9052 | G37: 1.9055 | H37: 1.88 | I37: #N/A | J37: #N/A
... A52: 1981 | B52: 2 | C52: 1.3883 | D52: 1.315 | E52: 1.3905 | F52: 1.4632 | G52: 1.5284 | H52: 1.6362 | I52: #N/A | J52: #N/A
A53: 1981 | B53: 3 | C53: 1.1723 | D53: 1.0739 | E53: 1.1785 | F53: 1.2961 | G53: 1.4075 | H53: 1.4978 | I53: 1.2122 | J53: 1.455
A54: 1981 | B54: 4 | C54: 0.9645 | D54: 0.9012 | E54: 1.0081 | F54: 1.1365 | G54: 1.2584 | H54: 1.3624 | I54: 1.109 | J54: 1.2156
A55: 1982 | B55: 1 | C55: 0.8925 | D55: 0.9409 | E55: 1.0667 | F55: 1.1733 | G55: 1.2685 | H55: 1.3079 | I55: 1.1232 | J55: 1.4532
A56: 1982 | B56: 2 | C56: 0.916 | D56: 0.9625 | E56: 1.067 | F56: 1.1565 | G56: 1.2115 | H56: 1.2732 | I56: 1.0239 | J56: 1.3133
A57: 1982 | B57: 3 | C57: 0.9603 | D57: 1.0505 | E57: 1.1207 | F57: 1.1912 | G57: 1.2572 | H57: 1.3205 | I57: 1.0222 | J57: 1.2916
A58: 1982 | B58: 4 | C58: 1.1067 | D58: 1.1458 | E58: 1.2092 | F58: 1.2967 | G58: 1.3606 | H58: 1.4053 | I58: 1.0318 | J58: 1.3188
A59: 1983 | B59: 1 | C59: 1.255 | D59: 1.3685 | E59: 1.4424 | F59: 1.4935 | G59: 1.5144 | H59: 1.544 | I59: 1.4412 | J59: 1.6458
A60: 1983 | B60: 2 | C60: 1.6885 | D60: 1.5867 | E60: 1.6287 | F60: 1.6549 | G60: 1.6939 | H60: 1.7632 | I60: 1.6328 | J60: 1.7734
A61: 1983 | B61: 3 | C61: 1.6813 | D61: 1.6487 | E61: 1.5945 | F61: 1.6229 | G61: 1.6781 | H61: 1.7155 | I61: 1.6543 | J61: 1.6921
A62: 1983 | B62: 4 | C62: 1.7911 | D62: 1.6509 | E62: 1.6737 | F62: 1.7154 | G62: 1.756 | H62: 1.7349 | I62: 1.7054 | J62: 1.7194
A63: 1984 | B63: 1 | C63: 1.6866 | D63: 1.7193 | E63: 1.7387 | F63: 1.739 | G63: 1.7057 | H63: 1.6771 | I63: 1.7238 | J63: 1.6708
A64: 1984 | B64: 2 | C64: 1.9526 | D64: 1.8111 | E64: 1.7743 | F64: 1.7283 | G64: 1.6888 | H64: 1.6682 | I64: 1.8141 | J64: 1.6676
... A157: 2007 | B157: 3 | C157: 1.462 | D157: 1.4157 | E157: 1.3922 | F157: 1.3853 | G157: 1.4047 | H157: 1.4348 | I157: 1.4339 | J157: 1.432
A158: 2007 | B158: 4 | C158: 1.296 | D158: 1.2043 | E158: 1.1698 | F158: 1.1609 | G158: 1.19 | H158: 1.2254 | I158: 1.3559 | J158: 1.1863 | K158: =LN(H158*1000) -> 7.1110226
A159: 2008 | B159: 1 | C159: 1.151 | D159: 1.0448 | E159: 1.026 | F159: 1.0601 | G159: 1.0972 | H159: 1.1741 | I159: 1.0592 | J159: 1.2312 | K159: =LN(H159*1000) -> 7.0682572
A160: 2008 | B160: 2 | C160: 1.0349 | D160: 0.9564 | E160: 0.9476 | F160: 0.9785 | G160: 1.0249 | H160: 1.0768 | I160: 0.9717 | J160: 1.1129 | K160: =LN(H160*1000) -> 6.981749
A161: 2008 | B161: 3 | C161: 1.016 | D161: 0.9398 | E161: 0.9371 | F161: 0.961 | G161: 1.0141 | H161: 1.0587 | I161: 0.9819 | J161: 1.0319 | K161: =LN(H161*1000) -> 6.964797
A162: 2008 | B162: 4 | C162: 0.879 | D162: 0.8231 | E162: 0.8145 | F162: 0.83 | G162: 0.8756 | H162: 0.914 | I162: 0.9453 | J162: 0.8592 | K162: =LN(H162*1000) -> 6.8178306
A163: 2009 | B163: 1 | C163: 0.656 | D163: 0.5865 | E163: 0.5933 | F163: 0.6416 | G163: 0.7113 | H163: 0.7716 | I163: 0.6416 | J163: 0.8846 | K163: =LN(H163*1000) -> 6.6484663
A164: 2009 | B164: 2 | C164: 0.5236 | D164: 0.5247 | E164: 0.5645 | F164: 0.6225 | G164: 0.6973 | H164: 0.7634 | I164: 0.5584 | J164: 0.812 | K164: =LN(H164*1000) -> 6.6377821
A165: 2009 | B165: 3 | C165: 0.541 | D165: 0.5893 | E165: 0.6385 | F165: 0.7183 | G165: 0.7786 | H165: 0.8514 | I165: 0.5733 | J165: 0.8169 | K165: =LN(H165*1000) -> 6.7468821
A166: 2009 | B166: 4 | C166: 0.5903 | D166: 0.6295 | E166: 0.6889 | F166: 0.7419 | G166: 0.807 | H166: 0.8666 | I166: 0.5713 | J166: 0.7763 | K166: =LN(H166*1000) -> 6.7645775
A167: 2010 | B167: 1 | C167: 0.554 | D167: 0.6138 | E167: 0.6781 | F167: 0.7473 | G167: 0.8133 | H167: 0.8812 | I167: 0.7122 | J167: 0.9758 | K167: =LN(H167*1000) -> 6.7812846
A168: 2010 | B168: 2 | C168: 0.617 | D168: 0.6499 | E168: 0.708 | F168: 0.762 | G168: 0.8218 | H168: 0.8873 | I168: 0.6834 | J168: 0.9236 | K168: =LN(H168*1000) -> 6.7881831
A169: 2010 | B169: 3 | C169: 0.602 | D169: 0.6221 | E169: 0.6641 | F169: 0.7052 | G169: 0.7645 | H169: 0.8273 | I169: 0.6321 | J169: 0.792 | K169: =LN(H169*1000) -> 6.7181674
... A219: 2023 | B219: 1 | C219: 1.403 | D219: 1.36 | E219: 1.3319 | F219: 1.3268 | G219: 1.3265 | H219: 1.352 | I219: 1.3363 | J219: 1.3821 | K219: =LN(H219*1000) -> 7.2093403

Sheet TBILL
A1: YEAR | B1: QUARTER | C1: TBILL1 | D1: TBILL2 | E1: TBILL3 | F1: TBILL4 | G1: TBILL5 | H1: TBILL6 | I1: TBILLA | J1: TBILLB | K1: TBILLC | L1: TBILLD
A2: 1968 | B2: 4 | C2: #N/A | D2: #N/A | E2: #N/A | F2: #N/A | G2: #N/A | H2: #N/A | I2: #N/A | J2: #N/A | K2: #N/A | L2: #N/A
A3: 1969 | B3: 1 | C3: #N/A | D3: #N/A | E3: #N/A | F3: #N/A | G3: #N/A | H3: #N/A | I3: #N/A | J3: #N/A | K3: #N/A | L3: #N/A
A4: 1969 | B4: 2 | C4: #N/A | D4: #N/A | E4: #N/A | F4: #N/A | G4: #N/A | H4: #N/A | I4: #N/A | J4: #N/A | K4: #N/A | L4: #N/A
A5: 1969 | B5: 3 | C5: #N/A | D5: #N/A | E5: #N/A | F5: #N/A | G5: #N/A | H5: #N/A | I5: #N/A | J5: #N/A | K5: #N/A | L5: #N/A
A6: 1969 | B6: 4 | C6: #N/A | D6: #N/A | E6: #N/A | F6: #N/A | G6: #N/A | H6: #N/A | I6: #N/A | J6: #N/A | K6: #N/A | L6: #N/A
A7: 1970 | B7: 1 | C7: #N/A | D7: #N/A | E7: #N/A | F7: #N/A | G7: #N/A | H7: #N/A | I7: #N/A | J7: #N/A | K7: #N/A | L7: #N/A
A8: 1970 | B8: 2 | C8: #N/A | D8: #N/A | E8: #N/A | F8: #N/A | G8: #N/A | H8: #N/A | I8: #N/A | J8: #N/A | K8: #N/A | L8: #N/A
A9: 1970 | B9: 3 | C9: #N/A | D9: #N/A | E9: #N/A | F9: #N/A | G9: #N/A | H9: #N/A | I9: #N/A | J9: #N/A | K9: #N/A | L9: #N/A
A10: 1970 | B10: 4 | C10: #N/A | D10: #N/A | E10: #N/A | F10: #N/A | G10: #N/A | H10: #N/A | I10: #N/A | J10: #N/A | K10: #N/A | L10: #N/A
A11: 1971 | B11: 1 | C11: #N/A | D11: #N/A | E11: #N/A | F11: #N/A | G11: #N/A | H11: #N/A | I11: #N/A | J11: #N/A | K11: #N/A | L11: #N/A
A12: 1971 | B12: 2 | C12: #N/A | D12: #N/A | E12: #N/A | F12: #N/A | G12: #N/A | H12: #N/A | I12: #N/A | J12: #N/A | K12: #N/A | L12: #N/A
A13: 1971 | B13: 3 | C13: #N/A | D13: #N/A | E13: #N/A | F13: #N/A | G13: #N/A | H13: #N/A | I13: #N/A | J13: #N/A | K13: #N/A | L13: #N/A
... A52: 1981 | B52: 2 | C52: #N/A | D52: #N/A | E52: #N/A | F52: #N/A | G52: #N/A | H52: #N/A | I52: #N/A | J52: #N/A | K52: #N/A | L52: #N/A
A53: 1981 | B53: 3 | C53: 14.8472 | D53: 15.1025 | E53: 14.4391 | F53: 13.7897 | G53: 13.2266 | H53: 12.7823 | I53: 14.6945 | J53: 13.041 | K53: #N/A | L53: #N/A
A54: 1981 | B54: 4 | C54: 14.9349 | D54: 12.1706 | E54: 11.0332 | F54: 11.2103 | G54: 11.75 | H54: 12.1274 | I54: 13.82 | J54: 11.4337 | K54: #N/A | L54: #N/A
A55: 1982 | B55: 1 | C55: 11.9196 | D55: 12.9632 | E55: 12.2232 | F55: 12.2086 | G55: 12.15 | H55: 12.2012 | I55: 12.3789 | J55: 11.6348 | K55: #N/A | L55: #N/A
A56: 1982 | B56: 2 | C56: 12.88 | D56: 12.2608 | E56: 11.7528 | F56: 11.9306 | G56: 11.9431 | H56: 11.6536 | I56: 12.2838 | J56: 11.5925 | K56: #N/A | L56: #N/A
A57: 1982 | B57: 3 | C57: 12.3864 | D57: 10.2376 | E57: 9.7587 | F57: 10.1484 | G57: 10.1749 | H57: 10.3089 | I57: 11.2626 | J57: 10.2334 | K57: #N/A | L57: #N/A
A58: 1982 | B58: 4 | C58: 9.5043 | D58: 8.052 | E58: 8.0331 | F58: 8.1137 | G58: 8.1897 | H58: 8.3171 | I58: 10.6144 | J58: 8.0844 | K58: #N/A | L58: #N/A
A59: 1983 | B59: 1 | C59: 7.8876 | D59: 7.8397 | E59: 7.702 | F59: 7.8391 | G59: 7.982 | H59: 8.0203 | I59: 7.9147 | J59: 8.1107 | K59: #N/A | L59: #N/A
A60: 1983 | B60: 2 | C60: 8.0887 | D60: 8.059 | E60: 7.9382 | F60: 7.9356 | G60: 7.9805 | H60: 8.0237 | I60: 8.0092 | J60: 8.0834 | K60: #N/A | L60: #N/A
A61: 1983 | B61: 3 | C61: 8.4047 | D61: 9.0968 | E61: 9.0332 | F61: 8.931 | G61: 8.8026 | H61: 8.8532 | I61: 8.6864 | J61: 8.8996 | K61: #N/A | L61: #N/A
A62: 1983 | B62: 4 | C62: 9.1756 | D62: 8.7947 | E62: 8.665 | F62: 8.6303 | G62: 8.7206 | H62: 8.9175 | I62: 8.6493 | J62: 8.722 | K62: #N/A | L62: #N/A
A63: 1984 | B63: 1 | C63: 8.7889 | D63: 8.9203 | E63: 8.8517 | F63: 8.8714 | G63: 8.9634 | H63: 9.2014 | I63: 8.9243 | J63: 9.4508 | K63: #N/A | L63: #N/A
A64: 1984 | B64: 2 | C64: 9.1631 | D64: 9.7658 | E64: 9.8706 | F64: 10.0155 | G64: 10.2003 | H64: 10.3758 | I64: 9.7274 | J64: 10.3941 | K64: #N/A | L64: #N/A
... A164: 2009 | B164: 2 | C164: 0.2104 | D164: 0.222 | E164: 0.2898 | F164: 0.3528 | G164: 0.4769 | H164: 0.6693 | I164: 0.2673 | J164: 0.8235 | K164: #N/A | L164: #N/A
A165: 2009 | B165: 3 | C165: 0.17 | D165: 0.2489 | E165: 0.3372 | F165: 0.4615 | G165: 0.6251 | H165: 0.8612 | I165: 0.2535 | J165: 0.7833 | K165: 2.3012 | L165: 3.415
A166: 2009 | B166: 4 | C166: 0.16 | D166: 0.1419 | E166: 0.2158 | F166: 0.3599 | G166: 0.5576 | H166: 0.8408 | I166: 0.1723 | J166: 0.4828 | K166: 2.0004 | L166: 3.0265
A167: 2010 | B167: 1 | C167: 0.06 | D167: 0.128 | E167: 0.2444 | F167: 0.4523 | G167: 0.7454 | H167: 1.1424 | I167: 0.3928 | J167: 1.7048 | K167: 2.9552 | L167: 3.4882
A168: 2010 | B168: 2 | C168: 0.1098 | D168: 0.1818 | E168: 0.3187 | F168: 0.5446 | G168: 0.8648 | H168: 1.251 | I168: 0.2889 | J168: 1.4707 | K168: 2.7396 | L168: 3.3543
A169: 2010 | B169: 3 | C169: 0.15 | D169: 0.1839 | E169: 0.2524 | F169: 0.3551 | G169: 0.4971 | H169: 0.8069 | I169: 0.1741 | J169: 0.7015 | K169: 2.1693 | L169: 2.8921
A170: 2010 | B170: 4 | C170: 0.1599 | D170: 0.159 | E170: 0.2153 | F170: 0.287 | G170: 0.4147 | H170: 0.6077 | I170: 0.1437 | J170: 0.3875 | K170: 1.3931 | L170: 2.4611
A171: 2011 | B171: 1 | C171: 0.1414 | D171: 0.1711 | E171: 0.2028 | F171: 0.2654 | G171: 0.3672 | H171: 0.5503 | I171: 0.251 | J171: 1.0351 | K171: 2.3219 | L171: 2.8607
A172: 2011 | B172: 2 | C172: 0.129 | D172: 0.1277 | E172: 0.193 | F172: 0.3232 | G172: 0.5737 | H172: 0.8941 | I172: 0.1953 | J172: 1.1483 | K172: 2.4201 | L172: 3.142
A173: 2011 | B173: 3 | C173: 0.0515 | D173: 0.0919 | E173: 0.1406 | F173: 0.1992 | G173: 0.3647 | H173: 0.5576 | I173: 0.1066 | J173: 0.5363 | K173: 1.5917 | L173: 2.5815
A174: 2011 | B174: 4 | C174: 0.02 | D174: 0.0873 | E174: 0.1239 | F174: 0.1554 | G174: 0.1886 | H174: 0.2375 | I174: 0.0749 | J174: 0.1787 | K174: 0.623 | L174: 1.7058
A175: 2012 | B175: 1 | C175: 0.01 | D175: 0.0588 | E175: 0.0574 | F175: 0.0749 | G175: 0.0949 | H175: 0.1282 | I175: 0.0717 | J175: 0.2704 | K175: 1.0599 | L175: 2.1005
A176: 2012 | B176: 2 | C176: 0.07 | D176: 0.0847 | E176: 0.0895 | F176: 0.0998 | G176: 0.1241 | H176: 0.177 | I176: 0.085 | J176: 0.2281 | K176: 0.9737 | L176: 1.9464
... A219: 2023 | B219: 1 | C219: 4.0401 | D219: 4.5956 | E219: 4.8028 | F219: 4.7858 | G219: 4.6379 | H219: 4.3771 | I219: 4.7031 | J219: 3.9077 | K219: 3.1726 | L219: 2.85

Sheet BOND
A1: YEAR | B1: QUARTER | C1: BOND1 | D1: BOND2 | E1: BOND3 | F1: BOND4 | G1: BOND5 | H1: BOND6 | I1: BONDA | J1: BONDB
A2: 1968 | B2: 4 | C2: #N/A | D2: #N/A | E2: #N/A | F2: #N/A | G2: #N/A | H2: #N/A | I2: #N/A | J2: #N/A
A3: 1969 | B3: 1 | C3: #N/A | D3: #N/A | E3: #N/A | F3: #N/A | G3: #N/A | H3: #N/A | I3: #N/A | J3: #N/A
A4: 1969 | B4: 2 | C4: #N/A | D4: #N/A | E4: #N/A | F4: #N/A | G4: #N/A | H4: #N/A | I4: #N/A | J4: #N/A
A5: 1969 | B5: 3 | C5: #N/A | D5: #N/A | E5: #N/A | F5: #N/A | G5: #N/A | H5: #N/A | I5: #N/A | J5: #N/A
A6: 1969 | B6: 4 | C6: #N/A | D6: #N/A | E6: #N/A | F6: #N/A | G6: #N/A | H6: #N/A | I6: #N/A | J6: #N/A
A7: 1970 | B7: 1 | C7: #N/A | D7: #N/A | E7: #N/A | F7: #N/A | G7: #N/A | H7: #N/A | I7: #N/A | J7: #N/A
A8: 1970 | B8: 2 | C8: #N/A | D8: #N/A | E8: #N/A | F8: #N/A | G8: #N/A | H8: #N/A | I8: #N/A | J8: #N/A
A9: 1970 | B9: 3 | C9: #N/A | D9: #N/A | E9: #N/A | F9: #N/A | G9: #N/A | H9: #N/A | I9: #N/A | J9: #N/A
A10: 1970 | B10: 4 | C10: #N/A | D10: #N/A | E10: #N/A | F10: #N/A | G10: #N/A | H10: #N/A | I10: #N/A | J10: #N/A
A11: 1971 | B11: 1 | C11: #N/A | D11: #N/A | E11: #N/A | F11: #N/A | G11: #N/A | H11: #N/A | I11: #N/A | J11: #N/A
A12: 1971 | B12: 2 | C12: #N/A | D12: #N/A | E12: #N/A | F12: #N/A | G12: #N/A | H12: #N/A | I12: #N/A | J12: #N/A
A13: 1971 | B13: 3 | C13: #N/A | D13: #N/A | E13: #N/A | F13: #N/A | G13: #N/A | H13: #N/A | I13: #N/A | J13: #N/A
... A52: 1981 | B52: 2 | C52: #N/A | D52: #N/A | E52: #N/A | F52: #N/A | G52: #N/A | H52: #N/A | I52: #N/A | J52: #N/A
A53: 1981 | B53: 3 | C53: #N/A | D53: 15.539 | E53: 15.0821 | F53: 14.5724 | G53: 14.1845 | H53: 14.131 | I53: 14.9269 | J53: 14.076
A54: 1981 | B54: 4 | C54: #N/A | D54: 15.4655 | E54: 14.6867 | F54: 14.283 | G54: 14.2142 | H54: 14.1418 | I54: 15.4194 | J54: 14.2823
A55: 1982 | B55: 1 | C55: #N/A | D55: 15.7712 | E55: 15.3362 | F55: 15.1004 | G55: 14.965 | H55: 14.7096 | I55: 15.1864 | J55: 14.1243
A56: 1982 | B56: 2 | C56: #N/A | D56: 15.3271 | E56: 14.6809 | F56: 14.5838 | G56: 14.3676 | H56: 13.9882 | I56: 15.04 | J56: 13.7873
A57: 1982 | B57: 3 | C57: #N/A | D57: 14.7003 | E57: 14.1021 | F57: 14.0709 | G57: 13.7521 | H57: 13.5588 | I57: 15.0564 | J57: 13.6536
A58: 1982 | B58: 4 | C58: #N/A | D58: 12.4456 | E58: 12.1344 | F58: 11.9906 | G58: 11.95 | H58: 11.9656 | I58: 14.4924 | J58: 11.9752
A59: 1983 | B59: 1 | C59: #N/A | D59: 11.7441 | E59: 11.6069 | F59: 11.5219 | G59: 11.5316 | H59: 11.4875 | I59: 11.6442 | J59: 11.3711
A60: 1983 | B60: 2 | C60: #N/A | D60: 11.4763 | E60: 11.3169 | F60: 11.2346 | G60: 11.0971 | H60: 11.0847 | I60: 11.4345 | J60: 11.0906
A61: 1983 | B61: 3 | C61: #N/A | D61: 12.1865 | E61: 12.1146 | F61: 11.9785 | G61: 11.8519 | H61: 11.7954 | I61: 11.9254 | J61: 11.8112
A62: 1983 | B62: 4 | C62: #N/A | D62: 12.3326 | E62: 12.1111 | F62: 12.0104 | G62: 12.0222 | H62: 12.1741 | I62: 12.0064 | J62: 12.0776
A63: 1984 | B63: 1 | C63: #N/A | D63: 12.5874 | E63: 12.5026 | F63: 12.4633 | G63: 12.5393 | H63: 12.7684 | I63: 12.5404 | J63: 12.8981
A64: 1984 | B64: 2 | C64: #N/A | D64: 13.4948 | E64: 13.6018 | F64: 13.6921 | G64: 13.7125 | H64: 13.8019 | I64: 13.3936 | J64: 13.6204
... A219: 2023 | B219: 1 | C219: #N/A | D219: 4.6961 | E219: 4.9054 | F219: 4.9935 | G219: 4.9607 | H219: 4.9494 | I219: 4.8903 | J219: 4.7849

Sheet BAABOND
A1: YEAR | B1: QUARTER | C1: BAABOND1 | D1: BAABOND2 | E1: BAABOND3 | F1: BAABOND4 | G1: BAABOND5 | H1: BAABOND6 | I1: BAABONDA | J1: BAABONDB | K1: BAABOND7
A2: 1968 | B2: 4 | C2: #N/A | D2: #N/A | E2: #N/A | F2: #N/A | G2: #N/A | H2: #N/A | I2: #N/A | J2: #N/A
A3: 1969 | B3: 1 | C3: #N/A | D3: #N/A | E3: #N/A | F3: #N/A | G3: #N/A | H3: #N/A | I3: #N/A | J3: #N/A
A4: 1969 | B4: 2 | C4: #N/A | D4: #N/A | E4: #N/A | F4: #N/A | G4: #N/A | H4: #N/A | I4: #N/A | J4: #N/A
A5: 1969 | B5: 3 | C5: #N/A | D5: #N/A | E5: #N/A | F5: #N/A | G5: #N/A | H5: #N/A | I5: #N/A | J5: #N/A
A6: 1969 | B6: 4 | C6: #N/A | D6: #N/A | E6: #N/A | F6: #N/A | G6: #N/A | H6: #N/A | I6: #N/A | J6: #N/A
A7: 1970 | B7: 1 | C7: #N/A | D7: #N/A | E7: #N/A | F7: #N/A | G7: #N/A | H7: #N/A | I7: #N/A | J7: #N/A
A8: 1970 | B8: 2 | C8: #N/A | D8: #N/A | E8: #N/A | F8: #N/A | G8: #N/A | H8: #N/A | I8: #N/A | J8: #N/A
A9: 1970 | B9: 3 | C9: #N/A | D9: #N/A | E9: #N/A | F9: #N/A | G9: #N/A | H9: #N/A | I9: #N/A | J9: #N/A
A10: 1970 | B10: 4 | C10: #N/A | D10: #N/A | E10: #N/A | F10: #N/A | G10: #N/A | H10: #N/A | I10: #N/A | J10: #N/A
A11: 1971 | B11: 1 | C11: #N/A | D11: #N/A | E11: #N/A | F11: #N/A | G11: #N/A | H11: #N/A | I11: #N/A | J11: #N/A
A12: 1971 | B12: 2 | C12: #N/A | D12: #N/A | E12: #N/A | F12: #N/A | G12: #N/A | H12: #N/A | I12: #N/A | J12: #N/A
A13: 1971 | B13: 3 | C13: #N/A | D13: #N/A | E13: #N/A | F13: #N/A | G13: #N/A | H13: #N/A | I13: #N/A | J13: #N/A
... A166: 2009 | B166: 4 | C166: #N/A | D166: #N/A | E166: #N/A | F166: #N/A | G166: #N/A | H166: #N/A | I166: #N/A | J166: #N/A
A167: 2010 | B167: 1 | C167: #N/A | D167: 6.3645 | E167: 6.4687 | F167: 6.595 | G167: 6.6877 | H167: 6.7333 | I167: 6.5368 | J167: 6.8692 | K167: 6.7333
A168: 2010 | B168: 2 | C168: #N/A | D168: 6.3112 | E168: 6.4281 | F168: 6.54 | G168: 6.6365 | H168: 6.7604 | I168: 6.4164 | J168: 6.8169 | K168: 6.7604
A169: 2010 | B169: 3 | C169: #N/A | D169: 5.9832 | E169: 6.07 | F169: 6.1878 | G169: 6.3 | H169: 6.4862 | I169: 6.1229 | J169: 6.3984 | K169: 6.4862
A170: 2010 | B170: 4 | C170: #N/A | D170: 5.6359 | E170: 5.6464 | F170: 5.7648 | G170: 5.896 | H170: 6.099 | I170: 5.961 | J170: 5.8466 | K170: 6.099
A171: 2011 | B171: 1 | C171: #N/A | D171: 6.2013 | E171: 6.2515 | F171: 6.3035 | G171: 6.3493 | H171: 6.3763 | I171: 6.2746 | J171: 6.5336 | K171: 6.3763
A172: 2011 | B172: 2 | C172: #N/A | D172: 6.0787 | E172: 6.2553 | F172: 6.3582 | G172: 6.4527 | H172: 6.6032 | I172: 6.1873 | J172: 6.6834 | K172: 6.6032
A173: 2011 | B173: 3 | C173: #N/A | D173: 5.7172 | E173: 5.8534 | F173: 5.9264 | G173: 6.014 | H173: 6.1425 | I173: 5.866 | J173: 6.0785 | K173: 6.1425
A174: 2011 | B174: 4 | C174: #N/A | D174: 5.2961 | E174: 5.3654 | F174: 5.3942 | G174: 5.5155 | H174: 5.6199 | I174: 5.6527 | J174: 5.4675 | K174: 5.6199
A175: 2012 | B175: 1 | C175: #N/A | D175: 5.2218 | E175: 5.2689 | F175: 5.3183 | G175: 5.3978 | H175: 5.5095 | I175: 5.2855 | J175: 5.6862 | K175: 5.5095
A176: 2012 | B176: 2 | C176: #N/A | D176: 5.1852 | E176: 5.2744 | F176: 5.3564 | G176: 5.4354 | H176: 5.5872 | I176: 5.2255 | J176: 5.6269 | K176: 5.5872
A177: 2012 | B177: 3 | C177: #N/A | D177: 4.8674 | E177: 4.9316 | F177: 5.0449 | G177: 5.1672 | H177: 5.3386 | I177: 5.0324 | J177: 5.2726 | K177: 5.3386
A178: 2012 | B178: 4 | C178: #N/A | D178: 4.7823 | E178: 4.864 | F178: 4.9533 | G178: 5.0845 | H178: 5.2126 | I178: 4.9805 | J178: 5.0298 | K178: 5.2126
... A219: 2023 | B219: 1 | C219: #N/A | D219: 5.8595 | E219: 6.118 | F219: 6.1298 | G219: 6.1163 | H219: 6.0634 | I219: 6.0574 | J219: 5.9126 | K219: 6.0634

Sheet TBOND
A1: YEAR | B1: QUARTER | C1: TBOND1 | D1: TBOND2 | E1: TBOND3 | F1: TBOND4 | G1: TBOND5 | H1: TBOND6 | I1: TBONDA | J1: TBONDB | K1: TBONDC | L1: TBONDD
A2: 1968 | B2: 4 | C2: #N/A | D2: #N/A | E2: #N/A | F2: #N/A | G2: #N/A | H2: #N/A | I2: #N/A | J2: #N/A | K2: #N/A | L2: #N/A
A3: 1969 | B3: 1 | C3: #N/A | D3: #N/A | E3: #N/A | F3: #N/A | G3: #N/A | H3: #N/A | I3: #N/A | J3: #N/A | K3: #N/A | L3: #N/A
A4: 1969 | B4: 2 | C4: #N/A | D4: #N/A | E4: #N/A | F4: #N/A | G4: #N/A | H4: #N/A | I4: #N/A | J4: #N/A | K4: #N/A | L4: #N/A
A5: 1969 | B5: 3 | C5: #N/A | D5: #N/A | E5: #N/A | F5: #N/A | G5: #N/A | H5: #N/A | I5: #N/A | J5: #N/A | K5: #N/A | L5: #N/A
A6: 1969 | B6: 4 | C6: #N/A | D6: #N/A | E6: #N/A | F6: #N/A | G6: #N/A | H6: #N/A | I6: #N/A | J6: #N/A | K6: #N/A | L6: #N/A
A7: 1970 | B7: 1 | C7: #N/A | D7: #N/A | E7: #N/A | F7: #N/A | G7: #N/A | H7: #N/A | I7: #N/A | J7: #N/A | K7: #N/A | L7: #N/A
A8: 1970 | B8: 2 | C8: #N/A | D8: #N/A | E8: #N/A | F8: #N/A | G8: #N/A | H8: #N/A | I8: #N/A | J8: #N/A | K8: #N/A | L8: #N/A
A9: 1970 | B9: 3 | C9: #N/A | D9: #N/A | E9: #N/A | F9: #N/A | G9: #N/A | H9: #N/A | I9: #N/A | J9: #N/A | K9: #N/A | L9: #N/A
A10: 1970 | B10: 4 | C10: #N/A | D10: #N/A | E10: #N/A | F10: #N/A | G10: #N/A | H10: #N/A | I10: #N/A | J10: #N/A | K10: #N/A | L10: #N/A
A11: 1971 | B11: 1 | C11: #N/A | D11: #N/A | E11: #N/A | F11: #N/A | G11: #N/A | H11: #N/A | I11: #N/A | J11: #N/A | K11: #N/A | L11: #N/A
A12: 1971 | B12: 2 | C12: #N/A | D12: #N/A | E12: #N/A | F12: #N/A | G12: #N/A | H12: #N/A | I12: #N/A | J12: #N/A | K12: #N/A | L12: #N/A
A13: 1971 | B13: 3 | C13: #N/A | D13: #N/A | E13: #N/A | F13: #N/A | G13: #N/A | H13: #N/A | I13: #N/A | J13: #N/A | K13: #N/A | L13: #N/A
... A94: 1991 | B94: 4 | C94: #N/A | D94: #N/A | E94: #N/A | F94: #N/A | G94: #N/A | H94: #N/A | I94: #N/A | J94: #N/A | K94: #N/A | L94: #N/A
A95: 1992 | B95: 1 | C95: 7.3611 | D95: 7.2651 | E95: 7.2395 | F95: 7.3443 | G95: 7.4549 | H95: 7.5464 | I95: 7.3445 | J95: 7.7103 | K95: #N/A | L95: #N/A
A96: 1992 | B96: 2 | C96: 7.2914 | D96: 7.4254 | E96: 7.4246 | F96: 7.4657 | G96: 7.5353 | H96: 7.6197 | I96: 7.4031 | J96: 7.6506 | K96: #N/A | L96: #N/A
A97: 1992 | B97: 3 | C97: 7.3806 | D97: 6.8253 | E97: 6.8087 | F97: 6.8978 | G97: 6.9969 | H97: 7.0875 | I97: 7.0809 | J97: 7.0141 | K97: #N/A | L97: #N/A
A98: 1992 | B98: 4 | C98: 6.6189 | D98: 6.702 | E98: 6.7171 | F98: 6.7511 | G98: 6.7757 | H98: 6.8303 | I98: 7.0066 | J98: 6.7871 | K98: #N/A | L98: #N/A
A99: 1993 | B99: 1 | C99: 6.7577 | D99: 6.5665 | E99: 6.5777 | F99: 6.6148 | G99: 6.6729 | H99: 6.7396 | I99: 6.6197 | J99: 6.813 | K99: #N/A | L99: #N/A
A100: 1993 | B100: 2 | C100: 6.2806 | D100: 6.0906 | E100: 6.1512 | F100: 6.2081 | G100: 6.3276 | H100: 6.4272 | I100: 6.1831 | J100: 6.4338 | K100: #N/A | L100: #N/A
A101: 1993 | B101: 3 | C101: 5.9903 | D101: 5.7791 | E101: 5.8381 | F101: 5.9065 | G101: 5.9681 | H101: 5.9914 | I101: 5.9766 | J101: 5.9648 | K101: #N/A | L101: #N/A
A102: 1993 | B102: 4 | C102: 5.6097 | D102: 5.5803 | E102: 5.5761 | F102: 5.5935 | G102: 5.6677 | H102: 5.731 | I102: 5.8716 | J102: 5.6415 | K102: #N/A | L102: #N/A
A103: 1994 | B103: 1 | C103: 5.6096 | D103: 5.7821 | E103: 5.8629 | F103: 5.8887 | G103: 5.8912 | H103: 5.9322 | I103: 5.8604 | J103: 5.9105 | K103: #N/A | L103: #N/A
A104: 1994 | B104: 2 | C104: 6.071 | D104: 7.0155 | E104: 6.98 | F104: 6.9329 | G104: 6.8693 | H104: 6.8427 | I104: 6.7457 | J104: 6.77 | K104: #N/A | L104: #N/A
A105: 1994 | B105: 3 | C105: 7.0808 | D105: 7.2528 | E105: 7.2264 | F105: 7.2056 | G105: 7.1504 | H105: 7.1712 | I105: 6.9272 | J105: 7.188 | K105: #N/A | L105: #N/A
A106: 1994 | B106: 4 | C106: 7.3288 | D106: 7.8316 | E106: 7.9852 | F106: 7.9908 | G106: 7.8908 | H106: 7.7956 | I106: 7.08 | J106: 7.9058 | K106: #N/A | L106: #N/A
... A164: 2009 | B164: 2 | C164: 2.7399 | D164: 3.0049 | E164: 3.0981 | F164: 3.2241 | G164: 3.4025 | H164: 3.5536 | I164: 2.998 | J164: 3.6362 | K164: #N/A | L164: #N/A
A165: 2009 | B165: 3 | C165: 3.31 | D165: 3.6352 | E165: 3.762 | F165: 3.9385 | G165: 4.0687 | H165: 4.1895 | I165: 3.3912 | J165: 4.1216 | K165: 4.728 | L165: 5.2953
A166: 2009 | B166: 4 | C166: 3.52 | D166: 3.4839 | E166: 3.5712 | F166: 3.6842 | G166: 3.8251 | H166: 3.9743 | I166: 3.2657 | J166: 3.7585 | K166: 4.324 | L166: 4.6056
A167: 2010 | B167: 1 | C167: 3.46 | D167: 3.654 | E167: 3.7649 | F167: 3.9233 | G167: 4.0857 | H167: 4.2176 | I167: 3.8449 | J167: 4.4144 | K167: 4.7964 | L167: 4.9514
A168: 2010 | B168: 2 | C168: 3.72 | D168: 3.7796 | E168: 3.8911 | F168: 4.0145 | G168: 4.1741 | H168: 4.343 | I168: 3.8519 | J168: 4.4123 | K168: 4.8335 | L168: 4.9857
A169: 2010 | B169: 3 | C169: 3.49 | D169: 3.1652 | E169: 3.3448 | F169: 3.5102 | G169: 3.6786 | H169: 3.8952 | I169: 3.4099 | J169: 3.7585 | K169: 4.4425 | L169: 4.5696
A170: 2010 | B170: 4 | C170: 2.7899 | D170: 2.5693 | E170: 2.6598 | F170: 2.8425 | G170: 3.0572 | H170: 3.342 | I170: 3.1218 | J170: 2.9886 | K170: 3.9083 | L170: 4.3474
A171: 2011 | B171: 1 | C171: 2.86 | D171: 3.4153 | E171: 3.5404 | F171: 3.6759 | G171: 3.8144 | H171: 3.957 | I171: 3.6085 | J171: 4.1332 | K171: 4.5049 | L171: 4.7253
A172: 2011 | B172: 2 | C172: 3.4617 | D172: 3.4673 | E172: 3.6602 | F172: 3.7986 | G172: 3.9456 | H172: 4.1028 | I172: 3.6023 | J172: 4.2281 | K172: 4.6333 | L172: 4.9992
A173: 2011 | B173: 3 | C173: 3.2068 | D173: 2.976 | E173: 3.1728 | F173: 3.3183 | G173: 3.4676 | H173: 3.6357 | I173: 3.1854 | J173: 3.4918 | K173: 4.0303 | L173: 4.5538
A174: 2011 | B174: 4 | C174: 2.43 | D174: 2.2925 | E174: 2.4213 | F174: 2.5564 | G174: 2.7041 | H174: 2.8767 | I174: 2.8445 | J174: 2.6446 | K174: 3.2829 | L174: 3.884
A175: 2012 | B175: 1 | C175: 2.05 | D175: 2.0574 | E175: 2.1735 | F175: 2.3032 | G175: 2.4428 | H175: 2.6237 | I175: 2.2519 | J175: 2.889 | K175: 3.4881 | L175: 4.0488
A176: 2012 | B176: 2 | C176: 2.0446 | D176: 2.1055 | E176: 2.248 | F176: 2.3819 | G176: 2.5104 | H176: 2.6707 | I176: 2.1969 | J176: 2.7301 | K176: 3.3559 | L176: 3.8573
... A219: 2023 | B219: 1 | C219: 3.8299 | D219: 3.7542 | E219: 3.8457 | F219: 3.8493 | G219: 3.7685 | H219: 3.708 | I219: 3.8038 | J219: 3.5816 | K219: 3.4867 | L219: 3.389

Sheet RGDP
A1: YEAR | B1: QUARTER | C1: RGDP1 | D1: RGDP2 | E1: RGDP3 | F1: RGDP4 | G1: RGDP5 | H1: RGDP6 | I1: RGDPA | J1: RGDPB | K1: RGDPC | L1: RGDPD
A2: 1968 | B2: 4 | C2: 713.8752 | D2: 717.4881 | E2: 721.3801 | F2: 726.1421 | G2: 733.1697 | H2: 740.8253 | I2: #N/A | J2: #N/A | K2: #N/A | L2: #N/A
A3: 1969 | B3: 1 | C3: 718.6735 | D3: 722.0681 | E3: 726.5384 | F3: 732.3057 | G3: 739.4411 | H3: #N/A | I3: #N/A | J3: #N/A | K3: #N/A | L3: #N/A
A4: 1969 | B4: 2 | C4: 722.414 | D4: 728.0635 | E4: 732.3149 | F4: 736.7007 | G4: 741.7566 | H4: #N/A | I4: #N/A | J4: #N/A | K4: #N/A | L4: #N/A
A5: 1969 | B5: 3 | C5: 728.2922 | D5: 730.6541 | E5: 733.6577 | F5: 736.0982 | G5: 740.4814 | H5: #N/A | I5: #N/A | J5: #N/A | K5: #N/A | L5: #N/A
A6: 1969 | B6: 4 | C6: 730.8004 | D6: 731.0989 | E6: 731.0317 | F6: 731.6208 | G6: 736.2154 | H6: 742.7392 | I6: #N/A | J6: #N/A | K6: #N/A | L6: #N/A
A7: 1970 | B7: 1 | C7: 729.1781 | D7: 728.3647 | E7: 729.2929 | F7: 733.1851 | G7: 739.6649 | H7: #N/A | I7: #N/A | J7: #N/A | K7: #N/A | L7: #N/A
A8: 1970 | B8: 2 | C8: 726.8186 | D8: 726.4831 | E8: 729.3537 | F8: 733.8651 | G8: 739.6118 | H8: 745.856 | I8: #N/A | J8: #N/A | K8: #N/A | L8: #N/A
A9: 1970 | B9: 3 | C9: 723.9499 | D9: 728.3355 | E9: 732.5888 | F9: 738.8322 | G9: 744.7737 | H9: 751.5998 | I9: #N/A | J9: #N/A | K9: #N/A | L9: #N/A
A10: 1970 | B10: 4 | C10: 727.3785 | D10: 725.5136 | E10: 734.957 | F10: 741.8296 | G10: 746.9997 | H10: 753.7796 | I10: #N/A | J10: #N/A | K10: #N/A | L10: #N/A
A11: 1971 | B11: 1 | C11: 721.4528 | D11: 732.7757 | E11: 740.6455 | F11: 744.3542 | G11: 753.0656 | H11: 762.131 | I11: #N/A | J11: #N/A | K11: #N/A | L11: #N/A
A12: 1971 | B12: 2 | C12: 731.4381 | D12: 739.8105 | E12: 744.2793 | F12: 753.7364 | G12: 763.6009 | H12: 773.7638 | I12: #N/A | J12: #N/A | K12: #N/A | L12: #N/A
A13: 1971 | B13: 3 | C13: 742.1729 | D13: 752.7285 | E13: 763.2074 | F13: 774.6273 | G13: 785.7452 | H13: 796.321 | I13: #N/A | J13: #N/A | K13: #N/A | L13: #N/A
A14: 1971 | B14: 4 | C14: 745.5591 | D14: 753.9364 | E14: 764.6029 | F14: 775.0036 | G14: 785.5525 | H14: 796.6055 | I14: #N/A | J14: #N/A | K14: #N/A | L14: #N/A
A15: 1972 | B15: 1 | C15: 751.9594 | D15: 762.832 | E15: 774.5946 | F15: 785.8859 | G15: 796.68 | H15: 806.0129 | I15: #N/A | J15: #N/A | K15: #N/A | L15: #N/A
A16: 1972 | B16: 2 | C16: 760.8972 | D16: 773.815 | E16: 785.996 | F16: 796.8387 | G16: 806.9183 | H16: 816.8181 | I16: #N/A | J16: #N/A | K16: #N/A | L16: #N/A
A17: 1972 | B17: 3 | C17: 781.7896 | D17: 793.4191 | E17: 804.8481 | F17: 815.6651 | G17: 826.2073 | H17: 834.3055 | I17: #N/A | J17: #N/A | K17: #N/A | L17: #N/A
A18: 1972 | B18: 4 | C18: 796.1218 | D18: 809.1724 | E18: 820.9898 | F18: 832.4742 | G18: 841.6424 | H18: 850.152 | I18: #N/A | J18: #N/A | K18: #N/A | L18: #N/A
A19: 1973 | B19: 1 | C19: 812.4975 | D19: 823.1199 | E19: 834.6726 | F19: 843.3268 | G19: 851.204 | H19: 858.5987 | I19: #N/A | J19: #N/A | K19: #N/A | L19: #N/A
... A24: 1974 | B24: 2 | C24: 831.9594 | D24: 831.0899 | E24: 834.4354 | F24: 840.9786 | G24: 848.0507 | H24: 857.0546 | I24: #N/A | J24: #N/A | K24: #N/A | L24: #N/A
A25: 1974 | B25: 3 | C25: 828.1922 | D25: 828.0655 | E25: 830.6849 | F25: 835.2982 | G25: 840.3254 | H25: #N/A | I25: #N/A | J25: #N/A | K25: #N/A | L25: #N/A
A26: 1974 | B26: 4 | C26: 822.4622 | D26: 813.652 | E26: 809.4109 | F26: 811.1207 | G26: 817.2529 | H26: 826.9297 | I26: #N/A | J26: #N/A | K26: #N/A | L26: #N/A
A27: 1975 | B27: 1 | C27: 803.6305 | D27: 791.0917 | E27: 787.2376 | F27: 793.0742 | G27: 802.8096 | H27: 811.7654 | I27: #N/A | J27: #N/A | K27: #N/A | L27: #N/A
A28: 1975 | B28: 2 | C28: 782.206 | D28: 779.8006 | E28: 785.7224 | F28: 796.0951 | G28: 805.5903 | H28: 817.0616 | I28: #N/A | J28: #N/A | K28: #N/A | L28: #N/A
A29: 1975 | B29: 3 | C29: 779.2973 | D29: 789.2603 | E29: 800.8784 | F29: 811.9388 | G29: 822.9714 | H29: 834.7016 | I29: #N/A | J29: #N/A | K29: #N/A | L29: #N/A
A30: 1975 | B30: 4 | C30: 804.6851 | D30: 815.0088 | E30: 825.1768 | F30: 835.915 | G30: 844.8807 | H30: 854.5942 | I30: #N/A | J30: #N/A | K30: #N/A | L30: #N/A
A31: 1976 | B31: 1 | C31: 1217.3522 | D31: 1233.6598 | E31: 1248.6153 | F31: 1263.8939 | G31: 1279.153 | H31: 1294.8581 | I31: #N/A | J31: #N/A | K31: #N/A | L31: #N/A
A32: 1976 | B32: 2 | C32: 1237.9408 | D32: 1253.1401 | E32: 1269.3791 | F32: 1285.5645 | G32: 1300.2137 | H32: 1312.411 | I32: #N/A | J32: #N/A | K32: #N/A | L32: #N/A
A33: 1976 | B33: 3 | C33: 1259.9695 | D33: 1275.5945 | E33: 1293.2992 | F33: 1310.096 | G33: 1325.2957 | H33: 1339.1118 | I33: #N/A | J33: #N/A | K33: #N/A | L33: #N/A
A34: 1976 | B34: 4 | C34: 1272.9623 | D34: 1289.3127 | E34: 1305.1985 | F34: 1321.0673 | G34: 1337.2117 | H34: 1352.2916 | I34: #N/A | J34: #N/A | K34: #N/A | L34: #N/A
A35: 1977 | B35: 1 | C35: 1282.931 | D35: 1293.0731 | E35: 1312.3508 | F35: 1330.6865 | G35: 1346.3478 | H35: 1360.3936 | I35: #N/A | J35: #N/A | K35: #N/A | L35: #N/A
A36: 1977 | B36: 2 | C36: 1298.0703 | D36: 1315.9301 | E36: 1335.2621 | F36: 1350.501 | G36: 1365.7435 | H36: 1379.1165 | I36: #N/A | J36: #N/A | K36: #N/A | L36: #N/A
A37: 1977 | B37: 3 | C37: 1331.3573 | D37: 1346.1826 | E37: 1363.2753 | F37: 1376.8029 | G37: 1389.5388 | H37: 1401.3976 | I37: #N/A | J37: #N/A | K37: #N/A | L37: #N/A
... A52: 1981 | B52: 2 | C52: 1512.9515 | D52: 1515.4441 | E52: 1522.6 | F52: 1533.7055 | G52: 1547.1108 | H52: 1559.7712 | I52: #N/A | J52: #N/A | K52: #N/A | L52: #N/A
A53: 1981 | B53: 3 | C53: 1507.4643 | D53: 1507.1935 | E53: 1515.2581 | F53: 1525.4516 | G53: 1540.7742 | H53: 1555.2667 | I53: 1512 | J53: 1551.5517 | K53: #N/A | L53: #N/A
A54: 1981 | B54: 4 | C54: 1510.025 | D54: 1495.561 | E54: 1492.5366 | F54: 1502.4634 | G54: 1521.7561 | H54: 1537.3171 | I54: 1507.8421 | J54: 1512.6053 | K54: #N/A | L54: #N/A
A55: 1982 | B55: 1 | C55: 1496.4063 | D55: 1483.6563 | E55: 1493.0625 | F55: 1510.5938 | G55: 1527.875 | H55: 1542.5172 | I55: 1506.0938 | J55: 1559.1071 | K55: #N/A | L55: #N/A
A56: 1982 | B56: 2 | C56: 1483.025 | D56: 1482.15 | E56: 1493.325 | F56: 1507.125 | G56: 1516.2 | H56: 1528.325 | I56: 1491.6579 | J56: 1533.3889 | K56: #N/A | L56: #N/A
A57: 1982 | B57: 3 | C57: 1476.1622 | D57: 1481.1842 | E57: 1490.2632 | F57: 1504.6111 | G57: 1512.973 | H57: 1524.8947 | I57: 1481.8056 | J57: 1525.6667 | K57: #N/A | L57: #N/A
A58: 1982 | B58: 4 | C58: 1479.8235 | D58: 1484.1429 | E58: 1496.0571 | F58: 1505.1714 | G58: 1519.4571 | H58: 1534.0571 | I58: 1478.2424 | J58: 1512.1515 | K58: #N/A | L58: #N/A
A59: 1983 | B59: 1 | C59: 1470.7097 | D59: 1484.375 | E59: 1493.375 | F59: 1511.4375 | G59: 1527.4688 | H59: 1541.3214 | I59: 1503.5758 | J59: 1561.2 | K59: #N/A | L59: #N/A
A60: 1983 | B60: 2 | C60: 1487.973 | D60: 1505.6486 | E60: 1524.4865 | F60: 1541.7027 | G60: 1557.6667 | H60: 1575.0556 | I60: 1515.9143 | J60: 1584.4706 | K60: #N/A | L60: #N/A
A61: 1983 | B61: 3 | C61: 1521.6897 | D61: 1545.2333 | E61: 1562.4 | F61: 1576.1 | G61: 1590.9667 | H61: 1606.3333 | I61: 1530.6071 | J61: 1599.6786 | K61: #N/A | L61: #N/A
A62: 1983 | B62: 4 | C62: 1553.7879 | D62: 1573.9118 | E62: 1590.2941 | F62: 1607.1765 | G62: 1623.3824 | H62: 1638.9118 | I62: 1536.0625 | J62: 1613.9091 | K62: #N/A | L62: #N/A
A63: 1984 | B63: 1 | C63: 1569.5714 | D63: 1590.6207 | E63: 1607.0345 | F63: 1623.3448 | G63: 1638.1379 | H63: 1650.3333 | I63: 1614.4643 | J63: 1661.8077 | K63: #N/A | L63: #N/A
A64: 1984 | B64: 2 | C64: 1604.5938 | D64: 1620.0606 | E64: 1635.0606 | F64: 1648.9091 | G64: 1661.3636 | H64: 1673.9375 | I64: 1627.25 | J64: 1679.4667 | K64: #N/A | L64: #N/A
... A163: 2009 | B163: 1 | C163: 11599.4 | D163: 11454.383 | E163: 11410.546 | F163: 11429.508 | G163: 11482.736 | H163: 11550.894 | I163: 11444.379 | J163: 11687.193 | K163: #N/A | L163: #N/A
A164: 2009 | B164: 2 | C164: 11341.953 | D164: 11304.607 | E164: 11320.392 | F164: 11367.165 | G164: 11425.026 | H164: 11502.073 | I164: 11335.445 | J164: 11548.911 | K164: 11877.899 | L164: 12255.931
A165: 2009 | B165: 3 | C165: 12892.4 | D165: 12966.353 | E165: 13040.493 | F165: 13120.291 | G165: 13210.206 | H165: 13302.144 | I165: 12956.573 | J165: 13259.424 | K165: 13669.782 | L165: 14086.57
A166: 2009 | B166: 4 | C166: 13013.634 | D166: 13097.039 | E166: 13180.943 | F166: 13273.096 | G166: 13366.578 | H166: 13464.835 | I166: 12984.146 | J166: 13322.013 | K166: 13720.948 | L166: 14137.186
A167: 2010 | B167: 1 | C167: 13155 | D167: 13240.695 | E167: 13335.256 | F167: 13432.032 | G167: 13534.794 | H167: 13624.817 | I167: 13384.578 | J167: 13777.842 | K167: 14196.547 | L167: 14640.793
A168: 2010 | B168: 2 | C168: 13254.7 | D168: 13363.614 | E168: 13466.112 | F168: 13569.363 | G168: 13669.073 | H168: 13770.674 | I168: 13412.885 | J168: 13827.603 | K168: 14269.128 | L168: 14727.237
A169: 2010 | B169: 3 | C169: 13216.503 | D169: 13295.507 | E169: 13385.72 | F169: 13476.866 | G169: 13577.455 | H169: 13676.746 | I169: 13260.36 | J169: 13627.359 | K169: 14088.967 | L169: 14536.858
A170: 2010 | B170: 4 | C170: 13260.7 | D170: 13333.863 | E170: 13415.151 | F170: 13506.903 | G170: 13608.039 | H170: 13715.589 | I170: 13232.008 | J170: 13561.071 | K170: 13983.589 | L170: 14426.115
A171: 2011 | B171: 1 | C171: 13383.016 | D171: 13499.857 | E171: 13615.569 | F171: 13729.999 | G171: 13847.169 | H171: 13951.468 | I171: 13673.3 | J171: 14126.048 | K171: 14570.588 | L171: 15054.597
A172: 2011 | B172: 2 | C172: 13438.803 | D172: 13546.283 | E172: 13658.68 | F172: 13771.146 | G172: 13872.939 | H172: 13980.045 | I172: 13604.284 | J172: 14043.295 | K172: 14461.806 | L172: 14945.006
A173: 2011 | B173: 3 | C173: 13270.103 | D173: 13353.646 | E173: 13432.54 | F173: 13507.846 | G173: 13592.296 | H173: 13685.068 | I173: 13325.008 | J173: 13643.25 | K173: 14046.21 | L173: 14492.036
A174: 2011 | B174: 4 | C174: 13351.925 | D174: 13434.654 | E174: 13512.464 | F174: 13592.736 | G174: 13679.055 | H174: 13770.546 | I174: 13321.878 | J174: 13639.134 | K174: 14017.907 | L174: 14493.983
A175: 2012 | B175: 1 | C175: 13422.658 | D175: 13497.265 | E175: 13577.785 | F175: 13665.537 | G175: 13759.176 | H175: 13850.801 | I175: 13624.978 | J175: 13991.123 | K175: 14445.713 | L175: 14893.207
... A219: 2023 | B219: 1 | C219: 20198.1 | D219: 20225.781 | E219: 20248.953 | F219: 20275.48 | G219: 20339.475 | H219: 20423.532 | I219: 20270.457 | J219: 20576.019 | K219: 21005.844 | L219: 21386.605

Sheet RCONSUM
A1: YEAR | B1: QUARTER | C1: RCONSUM1 | D1: RCONSUM2 | E1: RCONSUM3 | F1: RCONSUM4 | G1: RCONSUM5 | H1: RCONSUM6 | I1: RCONSUMA | J1: RCONSUMB
A2: 1968 | B2: 4 | C2: #N/A | D2: #N/A | E2: #N/A | F2: #N/A | G2: #N/A | H2: #N/A | I2: #N/A | J2: #N/A
A3: 1969 | B3: 1 | C3: #N/A | D3: #N/A | E3: #N/A | F3: #N/A | G3: #N/A | H3: #N/A | I3: #N/A | J3: #N/A
A4: 1969 | B4: 2 | C4: #N/A | D4: #N/A | E4: #N/A | F4: #N/A | G4: #N/A | H4: #N/A | I4: #N/A | J4: #N/A
A5: 1969 | B5: 3 | C5: #N/A | D5: #N/A | E5: #N/A | F5: #N/A | G5: #N/A | H5: #N/A | I5: #N/A | J5: #N/A
A6: 1969 | B6: 4 | C6: #N/A | D6: #N/A | E6: #N/A | F6: #N/A | G6: #N/A | H6: #N/A | I6: #N/A | J6: #N/A
A7: 1970 | B7: 1 | C7: #N/A | D7: #N/A | E7: #N/A | F7: #N/A | G7: #N/A | H7: #N/A | I7: #N/A | J7: #N/A
A8: 1970 | B8: 2 | C8: #N/A | D8: #N/A | E8: #N/A | F8: #N/A | G8: #N/A | H8: #N/A | I8: #N/A | J8: #N/A
A9: 1970 | B9: 3 | C9: #N/A | D9: #N/A | E9: #N/A | F9: #N/A | G9: #N/A | H9: #N/A | I9: #N/A | J9: #N/A
A10: 1970 | B10: 4 | C10: #N/A | D10: #N/A | E10: #N/A | F10: #N/A | G10: #N/A | H10: #N/A | I10: #N/A | J10: #N/A
A11: 1971 | B11: 1 | C11: #N/A | D11: #N/A | E11: #N/A | F11: #N/A | G11: #N/A | H11: #N/A | I11: #N/A | J11: #N/A
A12: 1971 | B12: 2 | C12: #N/A | D12: #N/A | E12: #N/A | F12: #N/A | G12: #N/A | H12: #N/A | I12: #N/A | J12: #N/A
A13: 1971 | B13: 3 | C13: #N/A | D13: #N/A | E13: #N/A | F13: #N/A | G13: #N/A | H13: #N/A | I13: #N/A | J13: #N/A
... A52: 1981 | B52: 2 | C52: #N/A | D52: #N/A | E52: #N/A | F52: #N/A | G52: #N/A | H52: #N/A | I52: #N/A | J52: #N/A
A53: 1981 | B53: 3 | C53: 953.7619 | D53: 962.0833 | E53: 969.7083 | F53: 977.25 | G53: 984.875 | H53: 993.7083 | I53: 962.375 | J53: 990.5833
A54: 1981 | B54: 4 | C54: 965.0882 | D54: 964.3333 | E54: 965.6765 | F54: 971 | G54: 984.5 | H54: 994.4118 | I54: 961.2212 | J54: 976.6765
A55: 1982 | B55: 1 | C55: 958.7778 | D55: 962.6667 | E55: 967.963 | F55: 977.2222 | G55: 986.0741 | H55: 992.1667 | I55: 973.037 | J55: 1001.6522
A56: 1982 | B56: 2 | C56: 965.0294 | D56: 965.3824 | E56: 973.4706 | F56: 981.2059 | G56: 989.3529 | H56: 996.6176 | I56: 970 | J56: 1000.4545
A57: 1982 | B57: 3 | C57: 954.0714 | D57: 962.3448 | E57: 970.7667 | F57: 977.1667 | G57: 983.5 | H57: 991.5 | I57: 959.1667 | J57: 987.6667
A58: 1982 | B58: 4 | C58: 957.7037 | D58: 963.6071 | E58: 969.8571 | F58: 976.7857 | G58: 984.7143 | H58: 994.0714 | I58: 956.3704 | J58: 980.7037
A59: 1983 | B59: 1 | C59: 967.9615 | D59: 973.7778 | E59: 980.7778 | F59: 989.4815 | G59: 998.8519 | H59: 1007.16 | I59: 984.3333 | J59: 1017.32
A60: 1983 | B60: 2 | C60: 972.3548 | D60: 981.6129 | E60: 992.0323 | F60: 1001.6129 | G60: 1010.8065 | H60: 1019.6774 | I60: 986.7 | J60: 1023.3333
A61: 1983 | B61: 3 | C61: 1010.12 | D61: 1022.5385 | E61: 1035.0769 | F61: 1044.5769 | G61: 1053.9615 | H61: 1063.2692 | I61: 1013.48 | J61: 1060.64
A62: 1983 | B62: 4 | C62: 1019.0667 | D62: 1032.3226 | E62: 1041.6774 | F62: 1049.9677 | G62: 1058.4194 | H62: 1067.5161 | I62: 1012.1724 | J62: 1054.6667
A63: 1984 | B63: 1 | C63: 1031 | D63: 1043.45 | E63: 1053.25 | F63: 1061.4 | G63: 1070.1 | H63: 1077.1667 | I63: 1057.85 | J63: 1084.5294
A64: 1984 | B64: 2 | C64: 1047.4815 | D64: 1058.1111 | E64: 1067.5556 | F64: 1076.2222 | G64: 1083.1923 | H64: 1089.4615 | I64: 1062.1923 | J64: 1089.48
... A219: 2023 | B219: 1 | C219: 14252.198 | D219: 14304.427 | E219: 14339.102 | F219: 14372.166 | G219: 14412.927 | H219: 14463.888 | I219: 14357.257 | J219: 14569.619

Sheet RNRESIN
A1: YEAR | B1: QUARTER | C1: RNRESIN1 | D1: RNRESIN2 | E1: RNRESIN3 | F1: RNRESIN4 | G1: RNRESIN5 | H1: RNRESIN6 | I1: RNRESINA | J1: RNRESINB
A2: 1968 | B2: 4 | C2: #N/A | D2: #N/A | E2: #N/A | F2: #N/A | G2: #N/A | H2: #N/A | I2: #N/A | J2: #N/A
A3: 1969 | B3: 1 | C3: #N/A | D3: #N/A | E3: #N/A | F3: #N/A | G3: #N/A | H3: #N/A | I3: #N/A | J3: #N/A
A4: 1969 | B4: 2 | C4: #N/A | D4: #N/A | E4: #N/A | F4: #N/A | G4: #N/A | H4: #N/A | I4: #N/A | J4: #N/A
A5: 1969 | B5: 3 | C5: #N/A | D5: #N/A | E5: #N/A | F5: #N/A | G5: #N/A | H5: #N/A | I5: #N/A | J5: #N/A
A6: 1969 | B6: 4 | C6: #N/A | D6: #N/A | E6: #N/A | F6: #N/A | G6: #N/A | H6: #N/A | I6: #N/A | J6: #N/A
A7: 1970 | B7: 1 | C7: #N/A | D7: #N/A | E7: #N/A | F7: #N/A | G7: #N/A | H7: #N/A | I7: #N/A | J7: #N/A
A8: 1970 | B8: 2 | C8: #N/A | D8: #N/A | E8: #N/A | F8: #N/A | G8: #N/A | H8: #N/A | I8: #N/A | J8: #N/A
A9: 1970 | B9: 3 | C9: #N/A | D9: #N/A | E9: #N/A | F9: #N/A | G9: #N/A | H9: #N/A | I9: #N/A | J9: #N/A
A10: 1970 | B10: 4 | C10: #N/A | D10: #N/A | E10: #N/A | F10: #N/A | G10: #N/A | H10: #N/A | I10: #N/A | J10: #N/A
A11: 1971 | B11: 1 | C11: #N/A | D11: #N/A | E11: #N/A | F11: #N/A | G11: #N/A | H11: #N/A | I11: #N/A | J11: #N/A
A12: 1971 | B12: 2 | C12: #N/A | D12: #N/A | E12: #N/A | F12: #N/A | G12: #N/A | H12: #N/A | I12: #N/A | J12: #N/A
A13: 1971 | B13: 3 | C13: #N/A | D13: #N/A | E13: #N/A | F13: #N/A | G13: #N/A | H13: #N/A | I13: #N/A | J13: #N/A
... A52: 1981 | B52: 2 | C52: #N/A | D52: #N/A | E52: #N/A | F52: #N/A | G52: #N/A | H52: #N/A | I52: #N/A | J52: #N/A
A53: 1981 | B53: 3 | C53: 160.8857 | D53: 160.3042 | E53: 160.6208 | F53: 162.3292 | G53: 162.1375 | H53: 164.2083 | I53: 160.7 | J53: 165.7
A54: 1981 | B54: 4 | C54: 160.7355 | D54: 159.6 | E54: 158.3065 | F54: 158.3355 | G54: 159.8258 | H54: 163.0935 | I54: 161.8217 | J54: 160.3933
A55: 1982 | B55: 1 | C55: 160.1231 | D55: 157.4231 | E55: 156.5808 | F55: 157.0769 | G55: 158.2731 | H55: 159.8609 | I55: 157.1154 | J55: 162.9091
A56: 1982 | B56: 2 | C56: 162.2818 | D56: 157.9667 | E56: 155.9121 | F56: 155.6636 | G56: 156.3879 | H56: 158.0152 | I56: 157.771 | J56: 158.8871
A57: 1982 | B57: 3 | C57: 167.7742 | D57: 163.3129 | E57: 161.1806 | F57: 160.2484 | G57: 160.5 | H57: 162.1065 | I57: 166.071 | J57: 161.729
A58: 1982 | B58: 4 | C58: 161.3214 | D58: 157.9034 | E58: 156.4414 | F58: 156.7759 | G58: 158.3897 | H58: 160.0724 | I58: 164.3786 | J58: 157.7286
A59: 1983 | B59: 1 | C59: 161.5269 | D59: 157.9556 | E59: 157.3074 | F59: 158.2111 | G59: 159.8259 | H59: 162.836 | I59: 157.0815 | J59: 164.984
A60: 1983 | B60: 2 | C60: 162.3138 | D60: 161.2138 | E60: 162.1517 | F60: 163.9379 | G60: 166.3862 | H60: 169.1517 | I60: 162.65 | J60: 169.8714
A61: 1983 | B61: 3 | C61: 162.052 | D61: 163.1962 | E61: 165.0462 | F61: 166.6192 | G61: 169.5808 | H61: 172.1769 | I61: 162.576 | J61: 170.788
A62: 1983 | B62: 4 | C62: 168.5276 | D62: 172.2167 | E62: 174.8233 | F62: 177.8567 | G62: 180.8633 | H62: 183.4833 | I62: 165.65 | J62: 179.1759
A63: 1984 | B63: 1 | C63: 179.2083 | D63: 183.2818 | E63: 185.4273 | F63: 188.9045 | G63: 191.8727 | H63: 194.96 | I63: 187.0773 | J63: 199.1053
A64: 1984 | B64: 2 | C64: 186.22 | D64: 190.592 | E64: 194.24 | F64: 197.412 | G64: 199.5542 | H64: 201.675 | I64: 192.3667 | J64: 204.9
... A219: 2023 | B219: 1 | C219: 2964.7012 | D219: 2977.7434 | E219: 2980.3989 | F219: 2984.8131 | G219: 2993.1159 | H219: 3004.5954 | I219: 2984.8259 | J219: 3030.2218

Sheet RRESINV
A1: YEAR | B1: QUARTER | C1: RRESINV1 | D1: RRESINV2 | E1: RRESINV3 | F1: RRESINV4 | G1: RRESINV5 | H1: RRESINV6 | I1: RRESINVA | J1: RRESINVB
A2: 1968 | B2: 4 | C2: #N/A | D2: #N/A | E2: #N/A | F2: #N/A | G2: #N/A | H2: #N/A | I2: #N/A | J2: #N/A
A3: 1969 | B3: 1 | C3: #N/A | D3: #N/A | E3: #N/A | F3: #N/A | G3: #N/A | H3: #N/A | I3: #N/A | J3: #N/A
A4: 1969 | B4: 2 | C4: #N/A | D4: #N/A | E4: #N/A | F4: #N/A | G4: #N/A | H4: #N/A | I4: #N/A | J4: #N/A
A5: 1969 | B5: 3 | C5: #N/A | D5: #N/A | E5: #N/A | F5: #N/A | G5: #N/A | H5: #N/A | I5: #N/A | J5: #N/A
A6: 1969 | B6: 4 | C6: #N/A | D6: #N/A | E6: #N/A | F6: #N/A | G6: #N/A | H6: #N/A | I6: #N/A | J6: #N/A
A7: 1970 | B7: 1 | C7: #N/A | D7: #N/A | E7: #N/A | F7: #N/A | G7: #N/A | H7: #N/A | I7: #N/A | J7: #N/A
A8: 1970 | B8: 2 | C8: #N/A | D8: #N/A | E8: #N/A | F8: #N/A | G8: #N/A | H8: #N/A | I8: #N/A | J8: #N/A
A9: 1970 | B9: 3 | C9: #N/A | D9: #N/A | E9: #N/A | F9: #N/A | G9: #N/A | H9: #N/A | I9: #N/A | J9: #N/A
A10: 1970 | B10: 4 | C10: #N/A | D10: #N/A | E10: #N/A | F10: #N/A | G10: #N/A | H10: #N/A | I10: #N/A | J10: #N/A
A11: 1971 | B11: 1 | C11: #N/A | D11: #N/A | E11: #N/A | F11: #N/A | G11: #N/A | H11: #N/A | I11: #N/A | J11: #N/A
A12: 1971 | B12: 2 | C12: #N/A | D12: #N/A | E12: #N/A | F12: #N/A | G12: #N/A | H12: #N/A | I12: #N/A | J12: #N/A
A13: 1971 | B13: 3 | C13: #N/A | D13: #N/A | E13: #N/A | F13: #N/A | G13: #N/A | H13: #N/A | I13: #N/A | J13: #N/A
... A52: 1981 | B52: 2 | C52: #N/A | D52: #N/A | E52: #N/A | F52: #N/A | G52: #N/A | H52: #N/A | I52: #N/A | J52: #N/A
A53: 1981 | B53: 3 | C53: 49.019 | D53: 46.65 | E53: 45.9458 | F53: 47.95 | G53: 50.4 | H53: 52.9 | I53: 48.2375 | J53: 51.4333
A54: 1981 | B54: 4 | C54: 43.5937 | D54: 41.1656 | E54: 41.1625 | F54: 43.2187 | G54: 46.6469 | H54: 49.7281 | I54: 46.5968 | J54: 45.8656
A55: 1982 | B55: 1 | C55: 40.1808 | D55: 39.15 | E55: 40.8731 | F55: 43.3615 | G55: 45.7346 | H55: 47.0818 | I55: 42.3115 | J55: 49.2773
A56: 1982 | B56: 2 | C56: 38.6727 | D56: 39.1 | E56: 40.9879 | F56: 43.1576 | G56: 44.6606 | H56: 46.0606 | I56: 40.6 | J56: 46.8094
A57: 1982 | B57: 3 | C57: 40.2867 | D57: 41.6167 | E57: 42.7867 | F57: 44.0767 | G57: 45.39 | H57: 47.2167 | I57: 40.6433 | J57: 46.5033
A58: 1982 | B58: 4 | C58: 40.7571 | D58: 42.4828 | E58: 44.3655 | F58: 46.1621 | G58: 48.2483 | H58: 49.5759 | I58: 41.0393 | J58: 47.225
A59: 1983 | B59: 1 | C59: 41.7538 | D59: 44.4926 | E59: 46.8444 | F59: 49.1926 | G59: 50.7815 | H59: 52.152 | I59: 47.5074 | J59: 54.392
A60: 1983 | B60: 2 | C60: 49.7167 | D60: 52.4267 | E60: 54.9733 | F60: 56.2333 | G60: 58.0633 | H60: 59.9533 | I60: 53.4207 | J60: 60.3862
A61: 1983 | B61: 3 | C61: 51.1583 | D61: 53.816 | E61: 54.252 | F61: 54.292 | G61: 55.392 | H61: 56.78 | I61: 51.3875 | J61: 55.6833
A62: 1983 | B62: 4 | C62: 57.0448 | D62: 57.2967 | E62: 57.4167 | F62: 57.8133 | G62: 58.91 | H62: 59.55 | I62: 53.1393 | J62: 58.1034
A63: 1984 | B63: 1 | C63: 56.3417 | D63: 57.1591 | E63: 57.85 | F63: 58.4409 | G63: 58.55 | H63: 58.455 | I63: 58.0455 | J63: 58.5947
A64: 1984 | B64: 2 | C64: 59.8519 | D64: 60.9111 | E64: 60.8407 | F64: 60.337 | G64: 60.616 | H64: 60.5 | I64: 60.5115 | J64: 59.604
... A219: 2023 | B219: 1 | C219: 573.5977 | D219: 558.7563 | E219: 548.4983 | F219: 544.7101 | G219: 544.6667 | H219: 548.7325 | I219: 549.2609 | J219: 556.7527

Sheet RFEDGOV
A1: YEAR | B1: QUARTER | C1: RFEDGOV1 | D1: RFEDGOV2 | E1: RFEDGOV3 | F1: RFEDGOV4 | G1: RFEDGOV5 | H1: RFEDGOV6 | I1: RFEDGOVA | J1: RFEDGOVB
A2: 1968 | B2: 4 | C2: #N/A | D2: #N/A | E2: #N/A | F2: #N/A | G2: #N/A | H2: #N/A | I2: #N/A | J2: #N/A
A3: 1969 | B3: 1 | C3: #N/A | D3: #N/A | E3: #N/A | F3: #N/A | G3: #N/A | H3: #N/A | I3: #N/A | J3: #N/A
A4: 1969 | B4: 2 | C4: #N/A | D4: #N/A | E4: #N/A | F4: #N/A | G4: #N/A | H4: #N/A | I4: #N/A | J4: #N/A
A5: 1969 | B5: 3 | C5: #N/A | D5: #N/A | E5: #N/A | F5: #N/A | G5: #N/A | H5: #N/A | I5: #N/A | J5: #N/A
A6: 1969 | B6: 4 | C6: #N/A | D6: #N/A | E6: #N/A | F6: #N/A | G6: #N/A | H6: #N/A | I6: #N/A | J6: #N/A
A7: 1970 | B7: 1 | C7: #N/A | D7: #N/A | E7: #N/A | F7: #N/A | G7: #N/A | H7: #N/A | I7: #N/A | J7: #N/A
A8: 1970 | B8: 2 | C8: #N/A | D8: #N/A | E8: #N/A | F8: #N/A | G8: #N/A | H8: #N/A | I8: #N/A | J8: #N/A
A9: 1970 | B9: 3 | C9: #N/A | D9: #N/A | E9: #N/A | F9: #N/A | G9: #N/A | H9: #N/A | I9: #N/A | J9: #N/A
A10: 1970 | B10: 4 | C10: #N/A | D10: #N/A | E10: #N/A | F10: #N/A | G10: #N/A | H10: #N/A | I10: #N/A | J10: #N/A
A11: 1971 | B11: 1 | C11: #N/A | D11: #N/A | E11: #N/A | F11: #N/A | G11: #N/A | H11: #N/A | I11: #N/A | J11: #N/A
A12: 1971 | B12: 2 | C12: #N/A | D12: #N/A | E12: #N/A | F12: #N/A | G12: #N/A | H12: #N/A | I12: #N/A | J12: #N/A
A13: 1971 | B13: 3 | C13: #N/A | D13: #N/A | E13: #N/A | F13: #N/A | G13: #N/A | H13: #N/A | I13: #N/A | J13: #N/A
... A52: 1981 | B52: 2 | C52: #N/A | D52: #N/A | E52: #N/A | F52: #N/A | G52: #N/A | H52: #N/A | I52: #N/A | J52: #N/A
A53: 1981 | B53: 3 | C53: 109.5095 | D53: 109.9167 | E53: 111.425 | F53: 111.7625 | G53: 112.9917 | H53: 112.8292 | I53: 110.7375 | J53: 113.5542
A54: 1981 | B54: 4 | C54: 110.5613 | D54: 111.2839 | E54: 112.1548 | F54: 112.7516 | G54: 114.0839 | H54: 115.3613 | I54: 110.8 | J54: 113.5097
A55: 1982 | B55: 1 | C55: 115.6885 | D55: 113.9654 | E55: 114.0731 | F55: 115.5462 | G55: 116.8846 | H55: 117.8565 | I55: 115.2731 | J55: 118.7318
A56: 1982 | B56: 2 | C56: 118.071 | D56: 116.9323 | E56: 117.3065 | F56: 118.6097 | G56: 119.4033 | H56: 120.6226 | I56: 117.8133 | J56: 121.1167
A57: 1982 | B57: 3 | C57: 110.9345 | D57: 111.3069 | E57: 112.931 | F57: 113.9552 | G57: 114.5793 | H57: 115.7069 | I57: 112.2586 | J57: 115.1379
A58: 1982 | B58: 4 | C58: 114.9286 | D58: 117.9655 | E58: 118.5 | F58: 118.4103 | G58: 119.7345 | H58: 120.7793 | I58: 114.3571 | J58: 119.3571
A59: 1983 | B59: 1 | C59: 122.2808 | D59: 120.4704 | E59: 121.0519 | F59: 122.7296 | G59: 125.0778 | H59: 127.716 | I59: 122.0923 | J59: 129.8
A60: 1983 | B60: 2 | C60: 117.9633 | D60: 118.43 | E60: 120.9333 | F60: 122.3867 | G60: 124.23 | H60: 125.7 | I60: 120.0862 | J60: 126.2103
A61: 1983 | B61: 3 | C61: 117.9667 | D61: 120.664 | E61: 122.332 | F61: 124.292 | G61: 126.372 | H61: 128.148 | I61: 119.7304 | J61: 126.9435
A62: 1983 | B62: 4 | C62: 119.85 | D62: 119.7138 | E62: 122.2 | F62: 124.3828 | G62: 126.4966 | H62: 128.2552 | I62: 118.9074 | J62: 125.1464
A63: 1984 | B63: 1 | C63: 117.1522 | D63: 118.7524 | E63: 121.9571 | F63: 124.219 | G63: 126.2333 | H63: 127.9895 | I63: 122.9524 | J63: 129.5111
A64: 1984 | B64: 2 | C64: 114.66 | D64: 121.444 | E64: 124.224 | F64: 126.592 | G64: 128.375 | H64: 129.8208 | I64: 121.8042 | J64: 130.4826
... A219: 2023 | B219: 1 | C219: 1374.1003 | D219: 1384.1699 | E219: 1388.4628 | F219: 1393.2997 | G219: 1397.5728 | H219: 1400.2944 | I219: 1390.4698 | J219: 1407.7366

Sheet RSLGOV
A1: YEAR | B1: QUARTER | C1: RSLGOV1 | D1: RSLGOV2 | E1: RSLGOV3 | F1: RSLGOV4 | G1: RSLGOV5 | H1: RSLGOV6 | I1: RSLGOVA | J1: RSLGOVB
A2: 1968 | B2: 4 | C2: #N/A | D2: #N/A | E2: #N/A | F2: #N/A | G2: #N/A | H2: #N/A | I2: #N/A | J2: #N/A
A3: 1969 | B3: 1 | C3: #N/A | D3: #N/A | E3: #N/A | F3: #N/A | G3: #N/A | H3: #N/A | I3: #N/A | J3: #N/A
A4: 1969 | B4: 2 | C4: #N/A | D4: #N/A | E4: #N/A | F4: #N/A | G4: #N/A | H4: #N/A | I4: #N/A | J4: #N/A
A5: 1969 | B5: 3 | C5: #N/A | D5: #N/A | E5: #N/A | F5: #N/A | G5: #N/A | H5: #N/A | I5: #N/A | J5: #N/A
A6: 1969 | B6: 4 | C6: #N/A | D6: #N/A | E6: #N/A | F6: #N/A | G6: #N/A | H6: #N/A | I6: #N/A | J6: #N/A
A7: 1970 | B7: 1 | C7: #N/A | D7: #N/A | E7: #N/A | F7: #N/A | G7: #N/A | H7: #N/A | I7: #N/A | J7: #N/A
A8: 1970 | B8: 2 | C8: #N/A | D8: #N/A | E8: #N/A | F8: #N/A | G8: #N/A | H8: #N/A | I8: #N/A | J8: #N/A
A9: 1970 | B9: 3 | C9: #N/A | D9: #N/A | E9: #N/A | F9: #N/A | G9: #N/A | H9: #N/A | I9: #N/A | J9: #N/A
A10: 1970 | B10: 4 | C10: #N/A | D10: #N/A | E10: #N/A | F10: #N/A | G10: #N/A | H10: #N/A | I10: #N/A | J10: #N/A
A11: 1971 | B11: 1 | C11: #N/A | D11: #N/A | E11: #N/A | F11: #N/A | G11: #N/A | H11: #N/A | I11: #N/A | J11: #N/A
A12: 1971 | B12: 2 | C12: #N/A | D12: #N/A | E12: #N/A | F12: #N/A | G12: #N/A | H12: #N/A | I12: #N/A | J12: #N/A
A13: 1971 | B13: 3 | C13: #N/A | D13: #N/A | E13: #N/A | F13: #N/A | G13: #N/A | H13: #N/A | I13: #N/A | J13: #N/A
... A52: 1981 | B52: 2 | C52: #N/A | D52: #N/A | E52: #N/A | F52: #N/A | G52: #N/A | H52: #N/A | I52: #N/A | J52: #N/A
A53: 1981 | B53: 3 | C53: 181.5524 | D53: 181.3042 | E53: 181.3917 | F53: 181.6833 | G53: 181.9292 | H53: 182.35 | I53: 182.1 | J53: 182.1583
A54: 1981 | B54: 4 | C54: 179.6097 | D54: 178.3806 | E54: 178.071 | F54: 177.9484 | G54: 178.3419 | H54: 178.2129 | I54: 180.0138 | J54: 178.1033
A55: 1982 | B55: 1 | C55: 179.0962 | D55: 178.4231 | E55: 177.6654 | F55: 177.2192 | G55: 177.1038 | H55: 176.8913 | I55: 177.5962 | J55: 176.5182
A56: 1982 | B56: 2 | C56: 178.0062 | D56: 177.1594 | E56: 177.1375 | F56: 176.6875 | G56: 176.6906 | H56: 176.5594 | I56: 177.2903 | J56: 176.0903
A57: 1982 | B57: 3 | C57: 175.8897 | D57: 174.8897 | E57: 174.6379 | F57: 174.7655 | G57: 174.4793 | H57: 174.4621 | I57: 175.6586 | J57: 174.4828
A58: 1982 | B58: 4 | C58: 174.8429 | D58: 174.7828 | E58: 174.2966 | F58: 174.0345 | G58: 173.831 | H58: 173.7448 | I58: 174.925 | J58: 173.9357
A59: 1983 | B59: 1 | C59: 175.0923 | D59: 174.963 | E59: 174.8259 | F59: 174.837 | G59: 174.737 | H59: 174.828 | I59: 174.8296 | J59: 176.296
A60: 1983 | B60: 2 | C60: 174.9333 | D60: 174.8667 | E60: 175.0467 | F60: 175.4567 | G60: 175.66 | H60: 176.2633 | I60: 175.0793 | J60: 176.8714
A61: 1983 | B61: 3 | C61: 174.0667 | D61: 174.624 | E61: 175.172 | F61: 175.792 | G61: 176.356 | H61: 177.252 | I61: 174.625 | J61: 176.6958
A62: 1983 | B62: 4 | C62: 176.8207 | D62: 177.7867 | E62: 178.7333 | F62: 179.5533 | G62: 180.1967 | H62: 181.01 | I62: 175.9179 | J62: 179.7034
A63: 1984 | B63: 1 | C63: 176.4042 | D63: 177.25 | E63: 178.2273 | F63: 178.8773 | G63: 179.7364 | H63: 181.015 | I63: 178.4091 | J63: 181.2421
A64: 1984 | B64: 2 | C64: 177.86 | D64: 179.1423 | E64: 180.55 | F64: 181.9923 | G64: 182.66 | H64: 183.204 | I64: 179.928 | J64: 183.6375
... A219: 2023 | B219: 1 | C219: 2068.3021 | D219: 2075.4537 | E219: 2082.2801 | F219: 2088.765 | G219: 2095.0434 | H219: 2101.9115 | I219: 2085.2487 | J219: 2111.1385

Sheet RCBI
A1: YEAR | B1: QUARTER | C1: RCBI1 | D1: RCBI2 | E1: RCBI3 | F1: RCBI4 | G1: RCBI5 | H1: RCBI6 | I1: RCBIA | J1: RCBIB
A2: 1968 | B2: 4 | C2: #N/A | D2: #N/A | E2: #N/A | F2: #N/A | G2: #N/A | H2: #N/A | I2: #N/A | J2: #N/A
A3: 1969 | B3: 1 | C3: #N/A | D3: #N/A | E3: #N/A | F3: #N/A | G3: #N/A | H3: #N/A | I3: #N/A | J3: #N/A
A4: 1969 | B4: 2 | C4: #N/A | D4: #N/A | E4: #N/A | F4: #N/A | G4: #N/A | H4: #N/A | I4: #N/A | J4: #N/A
A5: 1969 | B5: 3 | C5: #N/A | D5: #N/A | E5: #N/A | F5: #N/A | G5: #N/A | H5: #N/A | I5: #N/A | J5: #N/A
A6: 1969 | B6: 4 | C6: #N/A | D6: #N/A | E6: #N/A | F6: #N/A | G6: #N/A | H6: #N/A | I6: #N/A | J6: #N/A
A7: 1970 | B7: 1 | C7: #N/A | D7: #N/A | E7: #N/A | F7: #N/A | G7: #N/A | H7: #N/A | I7: #N/A | J7: #N/A
A8: 1970 | B8: 2 | C8: #N/A | D8: #N/A | E8: #N/A | F8: #N/A | G8: #N/A | H8: #N/A | I8: #N/A | J8: #N/A
A9: 1970 | B9: 3 | C9: #N/A | D9: #N/A | E9: #N/A | F9: #N/A | G9: #N/A | H9: #N/A | I9: #N/A | J9: #N/A
A10: 1970 | B10: 4 | C10: #N/A | D10: #N/A | E10: #N/A | F10: #N/A | G10: #N/A | H10: #N/A | I10: #N/A | J10: #N/A
A11: 1971 | B11: 1 | C11: #N/A | D11: #N/A | E11: #N/A | F11: #N/A | G11: #N/A | H11: #N/A | I11: #N/A | J11: #N/A
A12: 1971 | B12: 2 | C12: #N/A | D12: #N/A | E12: #N/A | F12: #N/A | G12: #N/A | H12: #N/A | I12: #N/A | J12: #N/A
A13: 1971 | B13: 3 | C13: #N/A | D13: #N/A | E13: #N/A | F13: #N/A | G13: #N/A | H13: #N/A | I13: #N/A | J13: #N/A
... A52: 1981 | B52: 2 | C52: #N/A | D52: #N/A | E52: #N/A | F52: #N/A | G52: #N/A | H52: #N/A | I52: #N/A | J52: #N/A
A53: 1981 | B53: 3 | C53: 9.7857 | D53: 4.7167 | E53: 3.9217 | F53: 4.9417 | G53: 6.4333 | H53: 7.9542 | I53: 4.4833 | J53: 7.2167
A54: 1981 | B54: 4 | C54: 11.1821 | D54: 3.8679 | E54: 0.025 | F54: 3.0517 | G54: 4.41 | H54: 5.7767 | I54: 6.5483 | J54: 3.8893
A55: 1982 | B55: 1 | C55: 7.125 | D55: -3.576 | E55: -0.4667 | F55: 2.5091 | G55: 4.712 | H55: 5.6273 | I55: 1.0136 | J55: 6.4545
A56: 1982 | B56: 2 | C56: -17.4531 | D56: -7.1594 | E56: -0.4393 | F56: 3.1645 | G56: 3.725 | H56: 5.5419 | I56: -4.8387 | J56: 6.3
A57: 1982 | B57: 3 | C57: -6.5433 | D57: -3.2667 | E57: 0.75 | F57: 2.8533 | G57: 4.4567 | H57: 5.51 | I57: -6.6267 | J57: 5.3567
A58: 1982 | B58: 4 | C58: 1.2185 | D58: -2.5536 | E58: 0.4357 | F58: 2.5786 | G58: 4.1679 | H58: 5.1143 | I58: -5.3778 | J58: 3.0889
A59: 1983 | B59: 1 | C59: -15.9308 | D59: -4.1333 | E59: 1.0333 | F59: 3.7704 | G59: 5.5111 | H59: 7.312 | I59: 1.2704 | J59: 8.4269
A60: 1983 | B60: 2 | C60: -13.2621 | D60: -2.0586 | E60: 3.2 | F60: 7.0621 | G60: 8.2483 | H60: 9.6276 | I60: -1.5786 | J60: 10.0893
A61: 1983 | B61: 3 | C61: -4.44 | D61: 3.0846 | E61: 6.6423 | F61: 7.9962 | G61: 9.4231 | H61: 9.75 | I61: -2.8333 | J61: 10.34
A62: 1983 | B62: 4 | C62: 4.5448 | D62: 8.8633 | E62: 9.98 | F62: 11.0133 | G62: 11.88 | H62: 12.49 | I62: -2.1964 | J62: 11.2448
A63: 1984 | B63: 1 | C63: 7.6478 | D63: 10.9591 | E63: 11.0409 | F63: 11.7455 | G63: 12.7591 | H63: 13.1684 | I63: 11.9045 | J63: 12.9895
A64: 1984 | B64: 2 | C64: 27.6 | D64: 19.0963 | E64: 19.1179 | F64: 17.5536 | G64: 16.8333 | H64: 15.7037 | I64: 21.2852 | J64: 15.8423
... A219: 2023 | B219: 1 | C219: 129.8989 | D219: 80.7333 | E219: 50.0035 | F219: 38.0912 | G219: 38.1861 | H219: 41.1151 | I219: 51.2784 | J219: 39.4007

Sheet REXPORT
A1: YEAR | B1: QUARTER | C1: REXPORT1 | D1: REXPORT2 | E1: REXPORT3 | F1: REXPORT4 | G1: REXPORT5 | H1: REXPORT6 | I1: REXPORTA | J1: REXPORTB
A2: 1968 | B2: 4 | C2: #N/A | D2: #N/A | E2: #N/A | F2: #N/A | G2: #N/A | H2: #N/A | I2: #N/A | J2: #N/A
A3: 1969 | B3: 1 | C3: #N/A | D3: #N/A | E3: #N/A | F3: #N/A | G3: #N/A | H3: #N/A | I3: #N/A | J3: #N/A
A4: 1969 | B4: 2 | C4: #N/A | D4: #N/A | E4: #N/A | F4: #N/A | G4: #N/A | H4: #N/A | I4: #N/A | J4: #N/A
A5: 1969 | B5: 3 | C5: #N/A | D5: #N/A | E5: #N/A | F5: #N/A | G5: #N/A | H5: #N/A | I5: #N/A | J5: #N/A
A6: 1969 | B6: 4 | C6: #N/A | D6: #N/A | E6: #N/A | F6: #N/A | G6: #N/A | H6: #N/A | I6: #N/A | J6: #N/A
A7: 1970 | B7: 1 | C7: #N/A | D7: #N/A | E7: #N/A | F7: #N/A | G7: #N/A | H7: #N/A | I7: #N/A | J7: #N/A
A8: 1970 | B8: 2 | C8: #N/A | D8: #N/A | E8: #N/A | F8: #N/A | G8: #N/A | H8: #N/A | I8: #N/A | J8: #N/A
A9: 1970 | B9: 3 | C9: #N/A | D9: #N/A | E9: #N/A | F9: #N/A | G9: #N/A | H9: #N/A | I9: #N/A | J9: #N/A
A10: 1970 | B10: 4 | C10: #N/A | D10: #N/A | E10: #N/A | F10: #N/A | G10: #N/A | H10: #N/A | I10: #N/A | J10: #N/A
A11: 1971 | B11: 1 | C11: #N/A | D11: #N/A | E11: #N/A | F11: #N/A | G11: #N/A | H11: #N/A | I11: #N/A | J11: #N/A
A12: 1971 | B12: 2 | C12: #N/A | D12: #N/A | E12: #N/A | F12: #N/A | G12: #N/A | H12: #N/A | I12: #N/A | J12: #N/A
A13: 1971 | B13: 3 | C13: #N/A | D13: #N/A | E13: #N/A | F13: #N/A | G13: #N/A | H13: #N/A | I13: #N/A | J13: #N/A
... A52: 1981 | B52: 2 | C52: #N/A | D52: #N/A | E52: #N/A | F52: #N/A | G52: #N/A | H52: #N/A | I52: #N/A | J52: #N/A
A53: 1981 | B53: 3 | C53: 42 | D53: 39.3375 | E53: 38.2042 | F53: 37.5875 | G53: 37.1125 | H53: 36.6708 | I53: 40.7625 | J53: 36.975
A54: 1981 | B54: 4 | C54: 37.62 | D54: 37.17 | E54: 37.5467 | F54: 36.8967 | G54: 37.5655 | H54: 35.6467 | I54: 41.2828 | J54: 36.12
A55: 1982 | B55: 1 | C55: 36.128 | D55: 34.468 | E55: 33.212 | F55: 32.552 | G55: 32.412 | H55: 33.3818 | I55: 32.784 | J55: 33.1182
A56: 1982 | B56: 2 | C56: 36.8323 | D56: 34.6 | E56: 34.0129 | F56: 33.8226 | G56: 33.3484 | H56: 33.2484 | I56: 34.7567 | J56: 33.8733
A57: 1982 | B57: 3 | C57: 33.9069 | D57: 32.6034 | E57: 31.669 | F57: 30.7379 | G57: 30.4276 | H57: 30.1931 | I57: 33.069 | J57: 30.1207
A58: 1982 | B58: 4 | C58: 29.363 | D58: 29.2107 | E58: 28.3571 | F58: 28.3679 | G58: 27.8107 | H58: 28.0929 | I58: 32.6037 | J58: 27.9704
A59: 1983 | B59: 1 | C59: 21.3077 | D59: 19.5037 | E59: 18.7704 | F59: 18.2963 | G59: 18.7 | H59: 19.316 | I59: 19.2852 | J59: 21.4167
A60: 1983 | B60: 2 | C60: 23.7714 | D60: 20.625 | E60: 18.6214 | F60: 17.8 | G60: 16.7571 | H60: 16.8607 | I60: 21.6444 | J60: 20.9704
A61: 1983 | B61: 3 | C61: 10.4083 | D61: 8.548 | E61: 7.9542 | F61: 8.4792 | G61: 9.0292 | H61: 9.9458 | I61: 11.7708 | J61: 9.6304
A62: 1983 | B62: 4 | C62: 8.9103 | D62: 7.3933 | E62: 6.6467 | F62: 7.2241 | G62: 7.5267 | H62: 7.7767 | I62: 12.1714 | J62: 7.1621
A63: 1984 | B63: 1 | C63: 3.1609 | D63: 2.0333 | E63: 1.1714 | F63: 1.4238 | G63: 1.5952 | H63: 2.4263 | I63: 1.6762 | J63: 3.9278
A64: 1984 | B64: 2 | C64: -8.2385 | D64: -7.7231 | E64: -8.2385 | F64: -6.88 | G64: -5.575 | H64: -4.4792 | I64: -8.1333 | J64: -4.7333
... A219: 2023 | B219: 1 | C219: -1232.4017 | D219: -1244.2397 | E219: -1232.9282 | F219: -1232.715 | G219: -1228.8094 | H219: -1229.4411 | I219: -1234.6825 | J219: -1232.2507

Sheet CPI5YR
A1: YEAR | B1: QUARTER | C1: CPI5YR
A2: 1968 | B2: 4 | C2: #N/A
A3: 1969 | B3: 1 | C3: #N/A
A4: 1969 | B4: 2 | C4: #N/A
A5: 1969 | B5: 3 | C5: #N/A
A6: 1969 | B6: 4 | C6: #N/A
A7: 1970 | B7: 1 | C7: #N/A
A8: 1970 | B8: 2 | C8: #N/A
A9: 1970 | B9: 3 | C9: #N/A
A10: 1970 | B10: 4 | C10: #N/A
A11: 1971 | B11: 1 | C11: #N/A
A12: 1971 | B12: 2 | C12: #N/A
A13: 1971 | B13: 3 | C13: #N/A
... A148: 2005 | B148: 2 | C148: #N/A
A149: 2005 | B149: 3 | C149: 2.649
A150: 2005 | B150: 4 | C150: 2.6891
A151: 2006 | B151: 1 | C151: 2.5268
A152: 2006 | B152: 2 | C152: 2.5578
A153: 2006 | B153: 3 | C153: 2.7508
A154: 2006 | B154: 4 | C154: 2.7051
A155: 2007 | B155: 1 | C155: 2.4467
A156: 2007 | B156: 2 | C156: 2.5063
A157: 2007 | B157: 3 | C157: 2.4848
A158: 2007 | B158: 4 | C158: 2.5588
A159: 2008 | B159: 1 | C159: 2.5546
A160: 2008 | B160: 2 | C160: 2.6916
... A219: 2023 | B219: 1 | C219: 2.6546

Sheet PCE5YR
A1: YEAR | B1: QUARTER | C1: PCE5YR
A2: 1968 | B2: 4 | C2: #N/A
A3: 1969 | B3: 1 | C3: #N/A
A4: 1969 | B4: 2 | C4: #N/A
A5: 1969 | B5: 3 | C5: #N/A
A6: 1969 | B6: 4 | C6: #N/A
A7: 1970 | B7: 1 | C7: #N/A
A8: 1970 | B8: 2 | C8: #N/A
A9: 1970 | B9: 3 | C9: #N/A
A10: 1970 | B10: 4 | C10: #N/A
A11: 1971 | B11: 1 | C11: #N/A
A12: 1971 | B12: 2 | C12: #N/A
A13: 1971 | B13: 3 | C13: #N/A
... A154: 2006 | B154: 4 | C154: #N/A
A155: 2007 | B155: 1 | C155: 2.1271
A156: 2007 | B156: 2 | C156: 2.2263
A157: 2007 | B157: 3 | C157: 2.2283
A158: 2007 | B158: 4 | C158: 2.2612
A159: 2008 | B159: 1 | C159: 2.2744
A160: 2008 | B160: 2 | C160: 2.3682
A161: 2008 | B161: 3 | C161: 2.3142
A162: 2008 | B162: 4 | C162: 2.2751
A163: 2009 | B163: 1 | C163: 1.8814
A164: 2009 | B164: 2 | C164: 1.877
A165: 2009 | B165: 3 | C165: 2.0624
A166: 2009 | B166: 4 | C166: 1.7233
... A219: 2023 | B219: 1 | C219: 2.3679

Sheet PCE10
A1: YEAR | B1: QUARTER | C1: PCE10
A2: 1968 | B2: 4 | C2: #N/A
A3: 1969 | B3: 1 | C3: #N/A
A4: 1969 | B4: 2 | C4: #N/A
A5: 1969 | B5: 3 | C5: #N/A
A6: 1969 | B6: 4 | C6: #N/A
A7: 1970 | B7: 1 | C7: #N/A
A8: 1970 | B8: 2 | C8: #N/A
A9: 1970 | B9: 3 | C9: #N/A
A10: 1970 | B10: 4 | C10: #N/A
A11: 1971 | B11: 1 | C11: #N/A
A12: 1971 | B12: 2 | C12: #N/A
A13: 1971 | B13: 3 | C13: #N/A
... A154: 2006 | B154: 4 | C154: #N/A
A155: 2007 | B155: 1 | C155: 2.1198
A156: 2007 | B156: 2 | C156: 2.2179
A157: 2007 | B157: 3 | C157: 2.2114
A158: 2007 | B158: 4 | C158: 2.1753
A159: 2008 | B159: 1 | C159: 2.247
A160: 2008 | B160: 2 | C160: 2.275
A161: 2008 | B161: 3 | C161: 2.2489
A162: 2008 | B162: 4 | C162: 2.3084
A163: 2009 | B163: 1 | C163: 2.1667
A164: 2009 | B164: 2 | C164: 2.2076
A165: 2009 | B165: 3 | C165: 2.309
A166: 2009 | B166: 4 | C166: 2.106
... A219: 2023 | B219: 1 | C219: 2.228

Sheet RGDP10
A1: YEAR | B1: QUARTER | C1: RGDP10 | D1: RGDP10f
A2: 1968 | B2: 4 | C2: #N/A
A3: 1969 | B3: 1 | C3: #N/A
A4: 1969 | B4: 2 | C4: #N/A
A5: 1969 | B5: 3 | C5: #N/A
A6: 1969 | B6: 4 | C6: #N/A
A7: 1970 | B7: 1 | C7: #N/A
A8: 1970 | B8: 2 | C8: #N/A
A9: 1970 | B9: 3 | C9: #N/A
A10: 1970 | B10: 4 | C10: #N/A
A11: 1971 | B11: 1 | C11: #N/A
A12: 1971 | B12: 2 | C12: #N/A
A13: 1971 | B13: 3 | C13: #N/A
... A94: 1991 | B94: 4 | C94: #N/A
A95: 1992 | B95: 1 | C95: 2.6139 | D95: 2.6139
A96: 1992 | B96: 2 | C96: #N/A | D96: 2.6139
A97: 1992 | B97: 3 | C97: #N/A | D97: 2.6139
A98: 1992 | B98: 4 | C98: #N/A | D98: 2.6139
A99: 1993 | B99: 1 | C99: 2.8484 | D99: 2.8484
A100: 1993 | B100: 2 | C100: #N/A | D100: 2.8484
A101: 1993 | B101: 3 | C101: #N/A | D101: 2.8484
A102: 1993 | B102: 4 | C102: #N/A | D102: 2.8484
A103: 1994 | B103: 1 | C103: 2.7808 | D103: 2.7808
A104: 1994 | B104: 2 | C104: #N/A | D104: 2.7808
A105: 1994 | B105: 3 | C105: #N/A | D105: 2.7808
A106: 1994 | B106: 4 | C106: #N/A | D106: 2.7808
A107: 1995 | B107: 1 | C107: 2.7071 | D107: 2.7071
A108: 1995 | B108: 2 | C108: #N/A | D108: 2.7071
A109: 1995 | B109: 3 | C109: #N/A | D109: 2.7071
A110: 1995 | B110: 4 | C110: #N/A | D110: 2.7071
A111: 1996 | B111: 1 | C111: 2.3916 | D111: 2.3916
A112: 1996 | B112: 2 | C112: #N/A | D112: 2.3916
A113: 1996 | B113: 3 | C113: #N/A | D113: 2.3916
A114: 1996 | B114: 4 | C114: #N/A | D114: 2.3916
A115: 1997 | B115: 1 | C115: 2.4261 | D115: 2.4261
A116: 1997 | B116: 2 | C116: #N/A | D116: 2.4261
A117: 1997 | B117: 3 | C117: #N/A | D117: 2.4261
A118: 1997 | B118: 4 | C118: #N/A | D118: 2.4261
A119: 1998 | B119: 1 | C119: 2.5548 | D119: 2.5548
A120: 1998 | B120: 2 | C120: #N/A | D120: 2.5548
A121: 1998 | B121: 3 | C121: #N/A | D121: 2.5548
A122: 1998 | B122: 4 | C122: #N/A | D122: 2.5548
A123: 1999 | B123: 1 | C123: 2.6242 | D123: 2.6242
A124: 1999 | B124: 2 | C124: #N/A | D124: 2.6242
A125: 1999 | B125: 3 | C125: #N/A | D125: 2.6242
A126: 1999 | B126: 4 | C126: #N/A | D126: 2.6242
A127: 2000 | B127: 1 | C127: 3.0971 | D127: 3.0971
A128: 2000 | B128: 2 | C128: #N/A | D128: 3.0971
A129: 2000 | B129: 3 | C129: #N/A | D129: 3.0971
A130: 2000 | B130: 4 | C130: #N/A | D130: 3.0971
A131: 2001 | B131: 1 | C131: 3.3 | D131: 3.3
A132: 2001 | B132: 2 | C132: #N/A | D132: 3.3
A133: 2001 | B133: 3 | C133: #N/A | D133: 3.3
A134: 2001 | B134: 4 | C134: #N/A | D134: 3.3
A135: 2002 | B135: 1 | C135: 3.0742 | D135: 3.0742
A136: 2002 | B136: 2 | C136: #N/A | D136: 3.0742
A137: 2002 | B137: 3 | C137: #N/A | D137: 3.0742
A138: 2002 | B138: 4 | C138: #N/A | D138: 3.0742
A139: 2003 | B139: 1 | C139: 3.2059 | D139: 3.2059
A140: 2003 | B140: 2 | C140: #N/A | D140: 3.2059
A141: 2003 | B141: 3 | C141: #N/A | D141: 3.2059
A142: 2003 | B142: 4 | C142: #N/A | D142: 3.2059
A143: 2004 | B143: 1 | C143: 3.3796 | D143: 3.3796
A144: 2004 | B144: 2 | C144: #N/A | D144: 3.3796
A145: 2004 | B145: 3 | C145: #N/A | D145: 3.3796
A146: 2004 | B146: 4 | C146: #N/A | D146: 3.3796
A147: 2005 | B147: 1 | C147: 3.2552 | D147: 3.2552
A148: 2005 | B148: 2 | C148: #N/A | D148: 3.2552
A149: 2005 | B149: 3 | C149: #N/A | D149: 3.2552
A150: 2005 | B150: 4 | C150: #N/A | D150: 3.2552
A151: 2006 | B151: 1 | C151: 3.1892 | D151: 3.1892
A152: 2006 | B152: 2 | C152: #N/A | D152: 3.1892
A153: 2006 | B153: 3 | C153: #N/A | D153: 3.1892
A154: 2006 | B154: 4 | C154: #N/A | D154: 3.1892
A155: 2007 | B155: 1 | C155: 3.0097 | D155: 3.0097
A156: 2007 | B156: 2 | C156: #N/A | D156: 3.0097
A157: 2007 | B157: 3 | C157: #N/A | D157: 3.0097
A158: 2007 | B158: 4 | C158: #N/A | D158: 3.0097
A159: 2008 | B159: 1 | C159: 2.7003 | D159: 2.7003
A160: 2008 | B160: 2 | C160: #N/A | D160: 2.7003
A161: 2008 | B161: 3 | C161: #N/A | D161: 2.7003
A162: 2008 | B162: 4 | C162: #N/A | D162: 2.7003
A163: 2009 | B163: 1 | C163: 2.5768 | D163: 2.5768
A164: 2009 | B164: 2 | C164: #N/A | D164: 2.5768
A165: 2009 | B165: 3 | C165: #N/A | D165: 2.5768
A166: 2009 | B166: 4 | C166: #N/A | D166: 2.5768
A167: 2010 | B167: 1 | C167: 2.7194 | D167: 2.7194
A168: 2010 | B168: 2 | C168: #N/A | D168: 2.7194
A169: 2010 | B169: 3 | C169: #N/A | D169: 2.7194
A170: 2010 | B170: 4 | C170: #N/A | D170: 2.7194
A171: 2011 | B171: 1 | C171: 2.9279 | D171: 2.9279
A172: 2011 | B172: 2 | C172: #N/A | D172: 2.9279
A173: 2011 | B173: 3 | C173: #N/A | D173: 2.9279
A174: 2011 | B174: 4 | C174: #N/A | D174: 2.9279
A175: 2012 | B175: 1 | C175: 2.67 | D175: 2.67
A176: 2012 | B176: 2 | C176: #N/A | D176: 2.67
A177: 2012 | B177: 3 | C177: #N/A | D177: 2.67
A178: 2012 | B178: 4 | C178: #N/A | D178: 2.67
A179: 2013 | B179: 1 | C179: 2.5738 | D179: 2.5738
A180: 2013 | B180: 2 | C180: #N/A | D180: 2.5738
...

Sheet PROD10
A1: YEAR | B1: QUARTER | C1: PROD10
A2: 1968 | B2: 4 | C2: #N/A
A3: 1969 | B3: 1 | C3: #N/A
A4: 1969 | B4: 2 | C4: #N/A
A5: 1969 | B5: 3 | C5: #N/A
A6: 1969 | B6: 4 | C6: #N/A
A7: 1970 | B7: 1 | C7: #N/A
A8: 1970 | B8: 2 | C8: #N/A
A9: 1970 | B9: 3 | C9: #N/A
A10: 1970 | B10: 4 | C10: #N/A
A11: 1971 | B11: 1 | C11: #N/A
A12: 1971 | B12: 2 | C12: #N/A
A13: 1971 | B13: 3 | C13: #N/A
... A94: 1991 | B94: 4 | C94: #N/A
A95: 1992 | B95: 1 | C95: 1.6419
A96: 1992 | B96: 2 | C96: #N/A
A97: 1992 | B97: 3 | C97: #N/A
A98: 1992 | B98: 4 | C98: #N/A
A99: 1993 | B99: 1 | C99: 1.7517
A100: 1993 | B100: 2 | C100: #N/A
A101: 1993 | B101: 3 | C101: #N/A
A102: 1993 | B102: 4 | C102: #N/A
A103: 1994 | B103: 1 | C103: 1.7304
A104: 1994 | B104: 2 | C104: #N/A
A105: 1994 | B105: 3 | C105: #N/A
A106: 1994 | B106: 4 | C106: #N/A
A107: 1995 | B107: 1 | C107: 1.6038
A108: 1995 | B108: 2 | C108: #N/A
A109: 1995 | B109: 3 | C109: #N/A
A110: 1995 | B110: 4 | C110: #N/A
A111: 1996 | B111: 1 | C111: 1.5177
A112: 1996 | B112: 2 | C112: #N/A
A113: 1996 | B113: 3 | C113: #N/A
A114: 1996 | B114: 4 | C114: #N/A
A115: 1997 | B115: 1 | C115: 1.3986
A116: 1997 | B116: 2 | C116: #N/A
A117: 1997 | B117: 3 | C117: #N/A
A118: 1997 | B118: 4 | C118: #N/A
A119: 1998 | B119: 1 | C119: 1.5275
A120: 1998 | B120: 2 | C120: #N/A
A121: 1998 | B121: 3 | C121: #N/A
A122: 1998 | B122: 4 | C122: #N/A
A123: 1999 | B123: 1 | C123: 1.665
A124: 1999 | B124: 2 | C124: #N/A
A125: 1999 | B125: 3 | C125: #N/A
A126: 1999 | B126: 4 | C126: #N/A
A127: 2000 | B127: 1 | C127: 2.3735
A128: 2000 | B128: 2 | C128: #N/A
A129: 2000 | B129: 3 | C129: #N/A
A130: 2000 | B130: 4 | C130: #N/A
A131: 2001 | B131: 1 | C131: 2.4758
A132: 2001 | B132: 2 | C132: #N/A
A133: 2001 | B133: 3 | C133: #N/A
A134: 2001 | B134: 4 | C134: #N/A
A135: 2002 | B135: 1 | C135: 2.2258
A136: 2002 | B136: 2 | C136: #N/A
A137: 2002 | B137: 3 | C137: #N/A
A138: 2002 | B138: 4 | C138: #N/A
A139: 2003 | B139: 1 | C139: 2.3697
A140: 2003 | B140: 2 | C140: #N/A
A141: 2003 | B141: 3 | C141: #N/A
A142: 2003 | B142: 4 | C142: #N/A
A143: 2004 | B143: 1 | C143: 2.58
A144: 2004 | B144: 2 | C144: #N/A
A145: 2004 | B145: 3 | C145: #N/A
A146: 2004 | B146: 4 | C146: #N/A
A147: 2005 | B147: 1 | C147: 2.4506
A148: 2005 | B148: 2 | C148: #N/A
A149: 2005 | B149: 3 | C149: #N/A
A150: 2005 | B150: 4 | C150: #N/A
A151: 2006 | B151: 1 | C151: 2.4039
A152: 2006 | B152: 2 | C152: #N/A
A153: 2006 | B153: 3 | C153: #N/A
A154: 2006 | B154: 4 | C154: #N/A
A155: 2007 | B155: 1 | C155: 2.152
A156: 2007 | B156: 2 | C156: #N/A
A157: 2007 | B157: 3 | C157: #N/A
A158: 2007 | B158: 4 | C158: #N/A
A159: 2008 | B159: 1 | C159: 1.9959
A160: 2008 | B160: 2 | C160: #N/A
A161: 2008 | B161: 3 | C161: #N/A
A162: 2008 | B162: 4 | C162: #N/A
A163: 2009 | B163: 1 | C163: 1.9021
A164: 2009 | B164: 2 | C164: #N/A
A165: 2009 | B165: 3 | C165: #N/A
A166: 2009 | B166: 4 | C166: #N/A
A167: 2010 | B167: 1 | C167: 1.9854
A168: 2010 | B168: 2 | C168: #N/A
A169: 2010 | B169: 3 | C169: #N/A
A170: 2010 | B170: 4 | C170: #N/A
A171: 2011 | B171: 1 | C171: 2.0381
A172: 2011 | B172: 2 | C172: #N/A
A173: 2011 | B173: 3 | C173: #N/A
A174: 2011 | B174: 4 | C174: #N/A
A175: 2012 | B175: 1 | C175: 1.9346
A176: 2012 | B176: 2 | C176: #N/A
A177: 2012 | B177: 3 | C177: #N/A
A178: 2012 | B178: 4 | C178: #N/A
A179: 2013 | B179: 1 | C179: 1.856
A180: 2013 | B180: 2 | C180: #N/A
...

Sheet STOCK10
A1: YEAR | B1: QUARTER | C1: STOCK10
A2: 1968 | B2: 4 | C2: #N/A
A3: 1969 | B3: 1 | C3: #N/A
A4: 1969 | B4: 2 | C4: #N/A
A5: 1969 | B5: 3 | C5: #N/A
A6: 1969 | B6: 4 | C6: #N/A
A7: 1970 | B7: 1 | C7: #N/A
A8: 1970 | B8: 2 | C8: #N/A
A9: 1970 | B9: 3 | C9: #N/A
A10: 1970 | B10: 4 | C10: #N/A
A11: 1971 | B11: 1 | C11: #N/A
A12: 1971 | B12: 2 | C12: #N/A
A13: 1971 | B13: 3 | C13: #N/A
... A94: 1991 | B94: 4 | C94: #N/A
A95: 1992 | B95: 1 | C95: 9.6077
A96: 1992 | B96: 2 | C96: #N/A
A97: 1992 | B97: 3 | C97: #N/A
A98: 1992 | B98: 4 | C98: #N/A
A99: 1993 | B99: 1 | C99: 8.9522
A100: 1993 | B100: 2 | C100: #N/A
A101: 1993 | B101: 3 | C101: #N/A
A102: 1993 | B102: 4 | C102: #N/A
A103: 1994 | B103: 1 | C103: 9.2667
A104: 1994 | B104: 2 | C104: #N/A
A105: 1994 | B105: 3 | C105: #N/A
A106: 1994 | B106: 4 | C106: #N/A
A107: 1995 | B107: 1 | C107: 8.475
A108: 1995 | B108: 2 | C108: #N/A
A109: 1995 | B109: 3 | C109: #N/A
A110: 1995 | B110: 4 | C110: #N/A
A111: 1996 | B111: 1 | C111: 9.1964
A112: 1996 | B112: 2 | C112: #N/A
A113: 1996 | B113: 3 | C113: #N/A
A114: 1996 | B114: 4 | C114: #N/A
A115: 1997 | B115: 1 | C115: 8.6914
A116: 1997 | B116: 2 | C116: #N/A
A117: 1997 | B117: 3 | C117: #N/A
A118: 1997 | B118: 4 | C118: #N/A
A119: 1998 | B119: 1 | C119: 8.5
A120: 1998 | B120: 2 | C120: #N/A
A121: 1998 | B121: 3 | C121: #N/A
A122: 1998 | B122: 4 | C122: #N/A
A123: 1999 | B123: 1 | C123: 8.3792
A124: 1999 | B124: 2 | C124: #N/A
A125: 1999 | B125: 3 | C125: #N/A
A126: 1999 | B126: 4 | C126: #N/A
A127: 2000 | B127: 1 | C127: 9.125
A128: 2000 | B128: 2 | C128: #N/A
A129: 2000 | B129: 3 | C129: #N/A
A130: 2000 | B130: 4 | C130: #N/A
A131: 2001 | B131: 1 | C131: 7.6074
A132: 2001 | B132: 2 | C132: #N/A
A133: 2001 | B133: 3 | C133: #N/A
A134: 2001 | B134: 4 | C134: #N/A
A135: 2002 | B135: 1 | C135: 7.2707
A136: 2002 | B136: 2 | C136: #N/A
A137: 2002 | B137: 3 | C137: #N/A
A138: 2002 | B138: 4 | C138: #N/A
A139: 2003 | B139: 1 | C139: 7.4607
A140: 2003 | B140: 2 | C140: #N/A
A141: 2003 | B141: 3 | C141: #N/A
A142: 2003 | B142: 4 | C142: #N/A
A143: 2004 | B143: 1 | C143: 7.6159
A144: 2004 | B144: 2 | C144: #N/A
A145: 2004 | B145: 3 | C145: #N/A
A146: 2004 | B146: 4 | C146: #N/A
A147: 2005 | B147: 1 | C147: 7.5519
A148: 2005 | B148: 2 | C148: #N/A
A149: 2005 | B149: 3 | C149: #N/A
A150: 2005 | B150: 4 | C150: #N/A
A151: 2006 | B151: 1 | C151: 7.34
A152: 2006 | B152: 2 | C152: #N/A
A153: 2006 | B153: 3 | C153: #N/A
A154: 2006 | B154: 4 | C154: #N/A
A155: 2007 | B155: 1 | C155: 7.6831
A156: 2007 | B156: 2 | C156: #N/A
A157: 2007 | B157: 3 | C157: #N/A
A158: 2007 | B158: 4 | C158: #N/A
A159: 2008 | B159: 1 | C159: 6.7924
A160: 2008 | B160: 2 | C160: #N/A
A161: 2008 | B161: 3 | C161: #N/A
A162: 2008 | B162: 4 | C162: #N/A
A163: 2009 | B163: 1 | C163: 6.621
A164: 2009 | B164: 2 | C164: #N/A
A165: 2009 | B165: 3 | C165: #N/A
A166: 2009 | B166: 4 | C166: #N/A
A167: 2010 | B167: 1 | C167: 7.2652
A168: 2010 | B168: 2 | C168: #N/A
A169: 2010 | B169: 3 | C169: #N/A
A170: 2010 | B170: 4 | C170: #N/A
A171: 2011 | B171: 1 | C171: 7.365
A172: 2011 | B172: 2 | C172: #N/A
A173: 2011 | B173: 3 | C173: #N/A
A174: 2011 | B174: 4 | C174: #N/A
A175: 2012 | B175: 1 | C175: 6.3
A176: 2012 | B176: 2 | C176: #N/A
A177: 2012 | B177: 3 | C177: #N/A
A178: 2012 | B178: 4 | C178: #N/A
A179: 2013 | B179: 1 | C179: 6.1525
A180: 2013 | B180: 2 | C180: #N/A
...

Sheet BOND10
A1: YEAR | B1: QUARTER | C1: BOND10 | D1: BOND10f
A2: 1968 | B2: 4 | C2: #N/A
A3: 1969 | B3: 1 | C3: #N/A
A4: 1969 | B4: 2 | C4: #N/A
A5: 1969 | B5: 3 | C5: #N/A
A6: 1969 | B6: 4 | C6: #N/A
A7: 1970 | B7: 1 | C7: #N/A
A8: 1970 | B8: 2 | C8: #N/A
A9: 1970 | B9: 3 | C9: #N/A
A10: 1970 | B10: 4 | C10: #N/A
A11: 1971 | B11: 1 | C11: #N/A
A12: 1971 | B12: 2 | C12: #N/A
A13: 1971 | B13: 3 | C13: #N/A
... A94: 1991 | B94: 4 | C94: #N/A
A95: 1992 | B95: 1 | C95: 7.4437
A96: 1992 | B96: 2 | C96: #N/A
A97: 1992 | B97: 3 | C97: #N/A
A98: 1992 | B98: 4 | C98: #N/A
A99: 1993 | B99: 1 | C99: 6.7714
A100: 1993 | B100: 2 | C100: #N/A
A101: 1993 | B101: 3 | C101: #N/A
A102: 1993 | B102: 4 | C102: #N/A
A103: 1994 | B103: 1 | C103: 6.3917
A104: 1994 | B104: 2 | C104: #N/A
A105: 1994 | B105: 3 | C105: #N/A
A106: 1994 | B106: 4 | C106: #N/A
A107: 1995 | B107: 1 | C107: 7.08
A108: 1995 | B108: 2 | C108: #N/A
A109: 1995 | B109: 3 | C109: #N/A
A110: 1995 | B110: 4 | C110: #N/A
A111: 1996 | B111: 1 | C111: 6.2714
A112: 1996 | B112: 2 | C112: #N/A
A113: 1996 | B113: 3 | C113: #N/A
A114: 1996 | B114: 4 | C114: #N/A
A115: 1997 | B115: 1 | C115: 6.4203
A116: 1997 | B116: 2 | C116: #N/A
A117: 1997 | B117: 3 | C117: #N/A
A118: 1997 | B118: 4 | C118: #N/A
A119: 1998 | B119: 1 | C119: 5.9286
A120: 1998 | B120: 2 | C120: #N/A
A121: 1998 | B121: 3 | C121: #N/A
A122: 1998 | B122: 4 | C122: #N/A
A123: 1999 | B123: 1 | C123: 5.525
A124: 1999 | B124: 2 | C124: #N/A
A125: 1999 | B125: 3 | C125: #N/A
A126: 1999 | B126: 4 | C126: #N/A
A127: 2000 | B127: 1 | C127: 6.1579
A128: 2000 | B128: 2 | C128: #N/A
A129: 2000 | B129: 3 | C129: #N/A
A130: 2000 | B130: 4 | C130: #N/A
A131: 2001 | B131: 1 | C131: 5.4344
A132: 2001 | B132: 2 | C132: #N/A
A133: 2001 | B133: 3 | C133: #N/A
A134: 2001 | B134: 4 | C134: #N/A
A135: 2002 | B135: 1 | C135: 5.5121
A136: 2002 | B136: 2 | C136: #N/A
A137: 2002 | B137: 3 | C137: #N/A
A138: 2002 | B138: 4 | C138: #N/A
A139: 2003 | B139: 1 | C139: 5.263 | D139: 5.263
A140: 2003 | B140: 2 | C140: #N/A | D140: 5.263
A141: 2003 | B141: 3 | C141: #N/A | D141: 5.263
A142: 2003 | B142: 4 | C142: #N/A | D142: 5.263
A143: 2004 | B143: 1 | C143: 5.1022 | D143: 5.1022
A144: 2004 | B144: 2 | C144: #N/A | D144: 5.1022
A145: 2004 | B145: 3 | C145: #N/A | D145: 5.1022
A146: 2004 | B146: 4 | C146: #N/A | D146: 5.1022
A147: 2005 | B147: 1 | C147: 5.19 | D147: 5.19
A148: 2005 | B148: 2 | C148: #N/A | D148: 5.19
A149: 2005 | B149: 3 | C149: #N/A | D149: 5.19
A150: 2005 | B150: 4 | C150: #N/A | D150: 5.19
A151: 2006 | B151: 1 | C151: 5.1457 | D151: 5.1457
A152: 2006 | B152: 2 | C152: #N/A | D152: 5.1457
A153: 2006 | B153: 3 | C153: #N/A | D153: 5.1457
A154: 2006 | B154: 4 | C154: #N/A | D154: 5.1457
A155: 2007 | B155: 1 | C155: 5.0007 | D155: 5.0007
A156: 2007 | B156: 2 | C156: #N/A | D156: 5.0007
A157: 2007 | B157: 3 | C157: #N/A | D157: 5.0007
A158: 2007 | B158: 4 | C158: #N/A | D158: 5.0007
A159: 2008 | B159: 1 | C159: 4.8408 | D159: 4.8408
A160: 2008 | B160: 2 | C160: #N/A | D160: 4.8408
A161: 2008 | B161: 3 | C161: #N/A | D161: 4.8408
A162: 2008 | B162: 4 | C162: #N/A | D162: 4.8408
A163: 2009 | B163: 1 | C163: 4.684 | D163: 4.684
A164: 2009 | B164: 2 | C164: #N/A | D164: 4.684
A165: 2009 | B165: 3 | C165: #N/A | D165: 4.684
A166: 2009 | B166: 4 | C166: #N/A | D166: 4.684
A167: 2010 | B167: 1 | C167: 4.5202 | D167: 4.5202
A168: 2010 | B168: 2 | C168: #N/A | D168: 4.5202
A169: 2010 | B169: 3 | C169: #N/A | D169: 4.5202
A170: 2010 | B170: 4 | C170: #N/A | D170: 4.5202
A171: 2011 | B171: 1 | C171: 4.5023 | D171: 4.5023
A172: 2011 | B172: 2 | C172: #N/A | D172: 4.5023
A173: 2011 | B173: 3 | C173: #N/A | D173: 4.5023
A174: 2011 | B174: 4 | C174: #N/A | D174: 4.5023
A175: 2012 | B175: 1 | C175: 3.8308 | D175: 3.8308
A176: 2012 | B176: 2 | C176: #N/A | D176: 3.8308
A177: 2012 | B177: 3 | C177: #N/A | D177: 3.8308
A178: 2012 | B178: 4 | C178: #N/A | D178: 3.8308
A179: 2013 | B179: 1 | C179: 3.7007 | D179: 3.7007
A180: 2013 | B180: 2 | C180: #N/A | D180: 3.7007
...

Sheet BILL10
A1: YEAR | B1: QUARTER | C1: BILL10 | D1: BILL10f
A2: 1968 | B2: 4 | C2: #N/A
A3: 1969 | B3: 1 | C3: #N/A
A4: 1969 | B4: 2 | C4: #N/A
A5: 1969 | B5: 3 | C5: #N/A
A6: 1969 | B6: 4 | C6: #N/A
A7: 1970 | B7: 1 | C7: #N/A
A8: 1970 | B8: 2 | C8: #N/A
A9: 1970 | B9: 3 | C9: #N/A
A10: 1970 | B10: 4 | C10: #N/A
A11: 1971 | B11: 1 | C11: #N/A
A12: 1971 | B12: 2 | C12: #N/A
A13: 1971 | B13: 3 | C13: #N/A
... A94: 1991 | B94: 4 | C94: #N/A
A95: 1992 | B95: 1 | C95: 5.1576
A96: 1992 | B96: 2 | C96: #N/A
A97: 1992 | B97: 3 | C97: #N/A
A98: 1992 | B98: 4 | C98: #N/A
A99: 1993 | B99: 1 | C99: 3.9964
A100: 1993 | B100: 2 | C100: #N/A
A101: 1993 | B101: 3 | C101: #N/A
A102: 1993 | B102: 4 | C102: #N/A
A103: 1994 | B103: 1 | C103: 4.0833
A104: 1994 | B104: 2 | C104: #N/A
A105: 1994 | B105: 3 | C105: #N/A
A106: 1994 | B106: 4 | C106: #N/A
A107: 1995 | B107: 1 | C107: 5.2154
A108: 1995 | B108: 2 | C108: #N/A
A109: 1995 | B109: 3 | C109: #N/A
A110: 1995 | B110: 4 | C110: #N/A
A111: 1996 | B111: 1 | C111: 4.618
A112: 1996 | B112: 2 | C112: #N/A
A113: 1996 | B113: 3 | C113: #N/A
A114: 1996 | B114: 4 | C114: #N/A
A115: 1997 | B115: 1 | C115: 4.7057
A116: 1997 | B116: 2 | C116: #N/A
A117: 1997 | B117: 3 | C117: #N/A
A118: 1997 | B118: 4 | C118: #N/A
A119: 1998 | B119: 1 | C119: 4.8685
A120: 1998 | B120: 2 | C120: #N/A
A121: 1998 | B121: 3 | C121: #N/A
A122: 1998 | B122: 4 | C122: #N/A
A123: 1999 | B123: 1 | C123: 4.3759
A124: 1999 | B124: 2 | C124: #N/A
A125: 1999 | B125: 3 | C125: #N/A
A126: 1999 | B126: 4 | C126: #N/A
A127: 2000 | B127: 1 | C127: 4.8081
A128: 2000 | B128: 2 | C128: #N/A
A129: 2000 | B129: 3 | C129: #N/A
A130: 2000 | B130: 4 | C130: #N/A
A131: 2001 | B131: 1 | C131: 4.5542
A132: 2001 | B132: 2 | C132: #N/A
A133: 2001 | B133: 3 | C133: #N/A
A134: 2001 | B134: 4 | C134: #N/A
A135: 2002 | B135: 1 | C135: 3.7156
A136: 2002 | B136: 2 | C136: #N/A
A137: 2002 | B137: 3 | C137: #N/A
A138: 2002 | B138: 4 | C138: #N/A
A139: 2003 | B139: 1 | C139: 3.8928 | D139: 3.8928
A140: 2003 | B140: 2 | C140: #N/A | D140: 3.8928
A141: 2003 | B141: 3 | C141: #N/A | D141: 3.8928
A142: 2003 | B142: 4 | C142: #N/A | D142: 3.8928
A143: 2004 | B143: 1 | C143: 3.3004 | D143: 3.3004
A144: 2004 | B144: 2 | C144: #N/A | D144: 3.3004
A145: 2004 | B145: 3 | C145: #N/A | D145: 3.3004
A146: 2004 | B146: 4 | C146: #N/A | D146: 3.3004
A147: 2005 | B147: 1 | C147: 3.6835 | D147: 3.6835
A148: 2005 | B148: 2 | C148: #N/A | D148: 3.6835
A149: 2005 | B149: 3 | C149: #N/A | D149: 3.6835
A150: 2005 | B150: 4 | C150: #N/A | D150: 3.6835
A151: 2006 | B151: 1 | C151: 4.2002 | D151: 4.2002
A152: 2006 | B152: 2 | C152: #N/A | D152: 4.2002
A153: 2006 | B153: 3 | C153: #N/A | D153: 4.2002
A154: 2006 | B154: 4 | C154: #N/A | D154: 4.2002
A155: 2007 | B155: 1 | C155: 4.3274 | D155: 4.3274
A156: 2007 | B156: 2 | C156: #N/A | D156: 4.3274
A157: 2007 | B157: 3 | C157: #N/A | D157: 4.3274
A158: 2007 | B158: 4 | C158: #N/A | D158: 4.3274
A159: 2008 | B159: 1 | C159: 3.8393 | D159: 3.8393
A160: 2008 | B160: 2 | C160: #N/A | D160: 3.8393
A161: 2008 | B161: 3 | C161: #N/A | D161: 3.8393
A162: 2008 | B162: 4 | C162: #N/A | D162: 3.8393
A163: 2009 | B163: 1 | C163: 3.1854 | D163: 3.1854
A164: 2009 | B164: 2 | C164: #N/A | D164: 3.1854
A165: 2009 | B165: 3 | C165: #N/A | D165: 3.1854
A166: 2009 | B166: 4 | C166: #N/A | D166: 3.1854
A167: 2010 | B167: 1 | C167: 3.0877 | D167: 3.0877
A168: 2010 | B168: 2 | C168: #N/A | D168: 3.0877
A169: 2010 | B169: 3 | C169: #N/A | D169: 3.0877
A170: 2010 | B170: 4 | C170: #N/A | D170: 3.0877
A171: 2011 | B171: 1 | C171: 2.9324 | D171: 2.9324
A172: 2011 | B172: 2 | C172: #N/A | D172: 2.9324
A173: 2011 | B173: 3 | C173: #N/A | D173: 2.9324
A174: 2011 | B174: 4 | C174: #N/A | D174: 2.9324
A175: 2012 | B175: 1 | C175: 2.6523 | D175: 2.6523
A176: 2012 | B176: 2 | C176: #N/A | D176: 2.6523
A177: 2012 | B177: 3 | C177: #N/A | D177: 2.6523
A178: 2012 | B178: 4 | C178: #N/A | D178: 2.6523
A179: 2013 | B179: 1 | C179: 2.4642 | D179: 2.4642
A180: 2013 | B180: 2 | C180: #N/A | D180: 2.4642
...

Sheet CPI
A1: YEAR | B1: QUARTER | C1: CPI1 | D1: CPI2 | E1: CPI3 | F1: CPI4 | G1: CPI5 | H1: CPI6 | I1: CPIA | J1: CPIB | K1: CPIC
A2: 1968 | B2: 4 | C2: #N/A | D2: #N/A | E2: #N/A | F2: #N/A | G2: #N/A | H2: #N/A | I2: #N/A | J2: #N/A | K2: #N/A
A3: 1969 | B3: 1 | C3: #N/A | D3: #N/A | E3: #N/A | F3: #N/A | G3: #N/A | H3: #N/A | I3: #N/A | J3: #N/A | K3: #N/A
A4: 1969 | B4: 2 | C4: #N/A | D4: #N/A | E4: #N/A | F4: #N/A | G4: #N/A | H4: #N/A | I4: #N/A | J4: #N/A | K4: #N/A
A5: 1969 | B5: 3 | C5: #N/A | D5: #N/A | E5: #N/A | F5: #N/A | G5: #N/A | H5: #N/A | I5: #N/A | J5: #N/A | K5: #N/A
A6: 1969 | B6: 4 | C6: #N/A | D6: #N/A | E6: #N/A | F6: #N/A | G6: #N/A | H6: #N/A | I6: #N/A | J6: #N/A | K6: #N/A
A7: 1970 | B7: 1 | C7: #N/A | D7: #N/A | E7: #N/A | F7: #N/A | G7: #N/A | H7: #N/A | I7: #N/A | J7: #N/A | K7: #N/A
A8: 1970 | B8: 2 | C8: #N/A | D8: #N/A | E8: #N/A | F8: #N/A | G8: #N/A | H8: #N/A | I8: #N/A | J8: #N/A | K8: #N/A
A9: 1970 | B9: 3 | C9: #N/A | D9: #N/A | E9: #N/A | F9: #N/A | G9: #N/A | H9: #N/A | I9: #N/A | J9: #N/A | K9: #N/A
A10: 1970 | B10: 4 | C10: #N/A | D10: #N/A | E10: #N/A | F10: #N/A | G10: #N/A | H10: #N/A | I10: #N/A | J10: #N/A | K10: #N/A
A11: 1971 | B11: 1 | C11: #N/A | D11: #N/A | E11: #N/A | F11: #N/A | G11: #N/A | H11: #N/A | I11: #N/A | J11: #N/A | K11: #N/A
A12: 1971 | B12: 2 | C12: #N/A | D12: #N/A | E12: #N/A | F12: #N/A | G12: #N/A | H12: #N/A | I12: #N/A | J12: #N/A | K12: #N/A
A13: 1971 | B13: 3 | C13: #N/A | D13: #N/A | E13: #N/A | F13: #N/A | G13: #N/A | H13: #N/A | I13: #N/A | J13: #N/A | K13: #N/A
... A52: 1981 | B52: 2 | C52: #N/A | D52: #N/A | E52: #N/A | F52: #N/A | G52: #N/A | H52: #N/A | I52: #N/A | J52: #N/A | K52: #N/A
A53: 1981 | B53: 3 | C53: 7.7069 | D53: 9.2156 | E53: 7.9281 | F53: 7.7594 | G53: 7.6094 | H53: 7.725 | I53: 9.6613 | J53: 8.0194 | K53: #N/A
A54: 1981 | B54: 4 | C54: 10.7316 | D54: 8.9525 | E54: 7.759 | F54: 7.5564 | G54: 7.7103 | H54: 7.9256 | I54: 9.9324 | J54: 8.7514 | K54: #N/A
A55: 1982 | B55: 1 | C55: 6.3645 | D55: 5.5062 | E55: 6.0781 | F55: 6.5687 | G55: 6.375 | H55: 6.4821 | I55: 7.0903 | J55: 6.7667 | K55: #N/A
A56: 1982 | B56: 2 | C56: 3.5382 | D56: 3.6917 | E56: 5.7686 | F56: 5.8667 | G56: 5.8694 | H56: 5.5444 | I56: 5.5545 | J56: 5.4839 | K56: #N/A
A57: 1982 | B57: 3 | C57: 5.3343 | D57: 7.1162 | E57: 5.3973 | F57: 5.7 | G57: 5.6757 | H57: 5.95 | I57: 6.2444 | J57: 6.0194 | K57: #N/A
A58: 1982 | B58: 4 | C58: 7.2793 | D58: 3.9677 | E58: 5.2839 | F58: 5.529 | G58: 5.5387 | H58: 5.6742 | I58: 6.2345 | J58: 5.4433 | K58: #N/A
A59: 1983 | B59: 1 | C59: 1.7206 | D59: 2.5629 | E59: 3.8571 | F59: 4.1486 | G59: 4.3857 | H59: 4.2355 | I59: 4.0265 | J59: 4.6467 | K59: #N/A
A60: 1983 | B60: 2 | C60: -0.2486 | D60: 3.6629 | E60: 4.1714 | F60: 4.4143 | G60: 4.5515 | H60: 4.4824 | I60: 3.1187 | J60: 4.6719 | K60: #N/A
A61: 1983 | B61: 3 | C61: 3.825 | D61: 4.0138 | E61: 4.4 | F61: 4.1724 | G61: 4.2862 | H61: 4.4172 | I61: 3.4111 | J61: 4.5963 | K61: #N/A
A62: 1983 | B62: 4 | C62: 4.4161 | D62: 4.8258 | E62: 4.7581 | F62: 4.7645 | G62: 4.9774 | H62: 5.1742 | I62: 3.4033 | J62: 4.8033 | K62: #N/A
A63: 1984 | B63: 1 | C63: 3.8552 | D63: 3.8 | E63: 3.9933 | F63: 4.41 | G63: 4.5033 | H63: 4.4786 | I63: 4.4148 | J63: 4.8783 | K63: #N/A
A64: 1984 | B64: 2 | C64: 4.2548 | D64: 4.275 | E64: 4.6437 | F64: 4.9781 | G64: 5.1281 | H64: 5.2969 | I64: 4.4767 | J64: 5.331 | K64: #N/A
... A148: 2005 | B148: 2 | C148: 2.4 | D148: 3.3334 | E148: 2.1718 | F148: 2.525 | G148: 2.2953 | H148: 2.4669 | I148: 2.6431 | J148: 2.4476 | K148: #N/A
A149: 2005 | B149: 3 | C149: 4.1984 | D149: 2.7713 | E149: 2.4899 | F149: 2.4832 | G149: 2.5499 | H149: 2.4095 | I149: 2.9553 | J149: 2.3787 | K149: 2.5522
A150: 2005 | B150: 4 | C150: 5.1004 | D150: 3.7377 | E150: 2.5413 | F150: 2.4066 | G150: 2.4373 | H150: 2.4348 | I150: 3.8356 | J150: 2.4613 | K150: 2.5589
A151: 2006 | B151: 1 | C151: 3.2005 | D151: 2.2295 | E151: 2.4103 | F151: 2.5034 | G151: 2.5208 | H151: 2.287 | I151: 2.4285 | J151: 2.4868 | K151: 2.4829
A152: 2006 | B152: 2 | C152: 2.2022 | D152: 3.2838 | E152: 2.6099 | F152: 2.486 | G152: 2.3925 | H152: 2.3412 | I152: 2.6548 | J152: 2.435 | K152: 2.3841
A153: 2006 | B153: 3 | C153: 4.9995 | D153: 3.3662 | E153: 2.8193 | F153: 2.875 | G153: 2.7708 | H153: 2.613 | I153: 3.3461 | J153: 2.6545 | K153: 2.5166
A154: 2006 | B154: 4 | C154: 2.9098 | D154: 0.5234 | E154: 2.8029 | F154: 2.8423 | G154: 2.5924 | H154: 2.3537 | I154: 2.6385 | J154: 2.6461 | K154: 2.5611
A155: 2007 | B155: 1 | C155: -2.2005 | D155: 2.3337 | E155: 2.6458 | F155: 2.5367 | G155: 2.2372 | H155: 2.3259 | I155: 2.4463 | J155: 2.311 | K155: 2.2842
A156: 2007 | B156: 2 | C156: 3.8 | D156: 4.0663 | E156: 2.481 | F156: 2.2918 | G156: 2.5209 | H156: 2.4619 | I156: 3.1527 | J156: 2.4287 | K156: 2.4421
A157: 2007 | B157: 3 | C157: 6 | D157: 2.3268 | E157: 1.7592 | F157: 2.3951 | G157: 2.5306 | H157: 2.3247 | I157: 3.42 | J157: 2.3394 | K157: 2.3299
A158: 2007 | B158: 4 | C158: 1.8994 | D158: 2.8937 | E158: 2.833 | F158: 2.4307 | G158: 2.2365 | H158: 2.1471 | I158: 3.6215 | J158: 2.4221 | K158: 2.4195
A159: 2008 | B159: 1 | C159: 4.3 | D159: 3.2045 | E159: 2.2647 | F159: 2.3626 | G159: 2.2011 | H159: 2.378 | I159: 2.5152 | J159: 2.2825 | K159: 2.3816
A160: 2008 | B160: 2 | C160: 4.3 | D160: 3.5086 | E160: 3.0538 | F160: 2.4919 | G160: 2.7149 | H160: 2.4297 | I160: 3.3406 | J160: 2.5261 | K160: 2.3828
... A219: 2023 | B219: 1 | C219: 3.1018 | D219: 3.3439 | E219: 3.3363 | F219: 3.0288 | G219: 2.8946 | H219: 2.6314 | I219: 3.1519 | J219: 2.5261 | K219: 2.3614

Sheet CORECPI
A1: YEAR | B1: QUARTER | C1: CORECPI1 | D1: CORECPI2 | E1: CORECPI3 | F1: CORECPI4 | G1: CORECPI5 | H1: CORECPI6 | I1: CORECPIA | J1: CORECPIB | K1: CORECPIC
A2: 1968 | B2: 4 | C2: #N/A | D2: #N/A | E2: #N/A | F2: #N/A | G2: #N/A | H2: #N/A | I2: #N/A | J2: #N/A | K2: #N/A
A3: 1969 | B3: 1 | C3: #N/A | D3: #N/A | E3: #N/A | F3: #N/A | G3: #N/A | H3: #N/A | I3: #N/A | J3: #N/A | K3: #N/A
A4: 1969 | B4: 2 | C4: #N/A | D4: #N/A | E4: #N/A | F4: #N/A | G4: #N/A | H4: #N/A | I4: #N/A | J4: #N/A | K4: #N/A
A5: 1969 | B5: 3 | C5: #N/A | D5: #N/A | E5: #N/A | F5: #N/A | G5: #N/A | H5: #N/A | I5: #N/A | J5: #N/A | K5: #N/A
A6: 1969 | B6: 4 | C6: #N/A | D6: #N/A | E6: #N/A | F6: #N/A | G6: #N/A | H6: #N/A | I6: #N/A | J6: #N/A | K6: #N/A
A7: 1970 | B7: 1 | C7: #N/A | D7: #N/A | E7: #N/A | F7: #N/A | G7: #N/A | H7: #N/A | I7: #N/A | J7: #N/A | K7: #N/A
A8: 1970 | B8: 2 | C8: #N/A | D8: #N/A | E8: #N/A | F8: #N/A | G8: #N/A | H8: #N/A | I8: #N/A | J8: #N/A | K8: #N/A
A9: 1970 | B9: 3 | C9: #N/A | D9: #N/A | E9: #N/A | F9: #N/A | G9: #N/A | H9: #N/A | I9: #N/A | J9: #N/A | K9: #N/A
A10: 1970 | B10: 4 | C10: #N/A | D10: #N/A | E10: #N/A | F10: #N/A | G10: #N/A | H10: #N/A | I10: #N/A | J10: #N/A | K10: #N/A
A11: 1971 | B11: 1 | C11: #N/A | D11: #N/A | E11: #N/A | F11: #N/A | G11: #N/A | H11: #N/A | I11: #N/A | J11: #N/A | K11: #N/A
A12: 1971 | B12: 2 | C12: #N/A | D12: #N/A | E12: #N/A | F12: #N/A | G12: #N/A | H12: #N/A | I12: #N/A | J12: #N/A | K12: #N/A
A13: 1971 | B13: 3 | C13: #N/A | D13: #N/A | E13: #N/A | F13: #N/A | G13: #N/A | H13: #N/A | I13: #N/A | J13: #N/A | K13: #N/A
... A154: 2006 | B154: 4 | C154: #N/A | D154: #N/A | E154: #N/A | F154: #N/A | G154: #N/A | H154: #N/A | I154: #N/A | J154: #N/A | K154: #N/A
A155: 2007 | B155: 1 | C155: 1.7965 | D155: 2.2339 | E155: 2.3079 | F155: 2.3642 | G155: 2.33 | H155: 2.1866 | I155: 2.3158 | J155: 2.2665 | K155: 2.3069
A156: 2007 | B156: 2 | C156: 2.3 | D156: 2.1958 | E156: 2.3114 | F156: 2.2786 | G156: 2.3136 | H156: 2.2921 | I156: 2.2699 | J156: 2.3562 | K156: 2.3663
A157: 2007 | B157: 3 | C157: 1.9 | D157: 2.2456 | E157: 2.2214 | F157: 2.2419 | G157: 2.3231 | H157: 2.2625 | I157: 2.1718 | J157: 2.2424 | K157: 2.2168
A158: 2007 | B158: 4 | C158: 2.4997 | D158: 2.1551 | E158: 2.2088 | F158: 2.1777 | G158: 2.222 | H158: 2.1916 | I158: 2.211 | J158: 2.2078 | K158: 2.2318
A159: 2008 | B159: 1 | C159: 2.5 | D159: 2.3261 | E159: 2.1954 | F159: 2.1777 | G159: 2.176 | H159: 2.1678 | I159: 2.2162 | J159: 2.0989 | K159: 2.2025
A160: 2008 | B160: 2 | C160: 2.5 | D160: 2.2506 | E160: 2.3495 | F160: 2.3557 | G160: 2.3529 | H160: 2.3021 | I160: 2.3748 | J160: 2.3388 | K160: 2.2885
A161: 2008 | B161: 3 | C161: 1.9 | D161: 2.5229 | E161: 2.3502 | F161: 2.2958 | G161: 2.2512 | H161: 2.2716 | I161: 2.3288 | J161: 2.2759 | K161: 2.2586
A162: 2008 | B162: 4 | C162: 3.2 | D162: 2.0541 | E162: 1.8902 | F162: 1.8363 | G162: 2.0007 | H162: 1.9244 | I162: 2.3819 | J162: 1.9216 | K162: 2.0668
A163: 2009 | B163: 1 | C163: 0.4 | D163: 0.7004 | E163: 1.1267 | F163: 1.3021 | G163: 1.364 | H163: 1.3369 | I163: 1.149 | J163: 1.5268 | K163: 1.7035
A164: 2009 | B164: 2 | C164: 1.5006 | D164: 1.2901 | E164: 1.3818 | F164: 1.3575 | G164: 1.4407 | H164: 1.4695 | I164: 1.3695 | J164: 1.4834 | K164: 1.6178
A165: 2009 | B165: 3 | C165: 2.4 | D165: 1.6619 | E165: 1.3502 | F165: 1.5911 | G165: 1.6974 | H165: 1.6991 | I165: 1.7143 | J165: 1.6972 | K165: 2.071
A166: 2009 | B166: 4 | C166: 1.4999 | D166: 1.3319 | E166: 1.2031 | F166: 1.3729 | G166: 1.4936 | H166: 1.5571 | I166: 1.6872 | J166: 1.4173 | K166: 1.8198
... A219: 2023 | B219: 1 | C219: 4.3995 | D219: 3.8718 | E219: 3.5616 | F219: 3.0988 | G219: 2.9219 | H219: 2.6898 | I219: 3.3651 | J219: 2.5644 | K219: 2.2775

Sheet CPI10
A1: YEAR | B1: QUARTER | C1: CPI10
A2: 1968 | B2: 4 | C2: #N/A
A3: 1969 | B3: 1 | C3: #N/A
A4: 1969 | B4: 2 | C4: #N/A
A5: 1969 | B5: 3 | C5: #N/A
A6: 1969 | B6: 4 | C6: #N/A
A7: 1970 | B7: 1 | C7: #N/A
A8: 1970 | B8: 2 | C8: #N/A
A9: 1970 | B9: 3 | C9: #N/A
A10: 1970 | B10: 4 | C10: #N/A
A11: 1971 | B11: 1 | C11: #N/A
A12: 1971 | B12: 2 | C12: #N/A
A13: 1971 | B13: 3 | C13: #N/A
... A93: 1991 | B93: 3 | C93: #N/A
A94: 1991 | B94: 4 | C94: 3.8976
A95: 1992 | B95: 1 | C95: 3.7833
A96: 1992 | B96: 2 | C96: 4.0194
A97: 1992 | B97: 3 | C97: 3.7647
A98: 1992 | B98: 4 | C98: 3.6441
A99: 1993 | B99: 1 | C99: 3.5516
A100: 1993 | B100: 2 | C100: 3.8758
A101: 1993 | B101: 3 | C101: 3.3344
A102: 1993 | B102: 4 | C102: 3.5562
A103: 1994 | B103: 1 | C103: 3.3385
A104: 1994 | B104: 2 | C104: 3.4567
A105: 1994 | B105: 3 | C105: 3.4038
... A219: 2023 | B219: 1 | C219: 2.4402

Sheet PCE
A1: YEAR | B1: QUARTER | C1: PCE1 | D1: PCE2 | E1: PCE3 | F1: PCE4 | G1: PCE5 | H1: PCE6 | I1: PCEA | J1: PCEB | K1: PCEC
A2: 1968 | B2: 4 | C2: #N/A | D2: #N/A | E2: #N/A | F2: #N/A | G2: #N/A | H2: #N/A | I2: #N/A | J2: #N/A | K2: #N/A
A3: 1969 | B3: 1 | C3: #N/A | D3: #N/A | E3: #N/A | F3: #N/A | G3: #N/A | H3: #N/A | I3: #N/A | J3: #N/A | K3: #N/A
A4: 1969 | B4: 2 | C4: #N/A | D4: #N/A | E4: #N/A | F4: #N/A | G4: #N/A | H4: #N/A | I4: #N/A | J4: #N/A | K4: #N/A
A5: 1969 | B5: 3 | C5: #N/A | D5: #N/A | E5: #N/A | F5: #N/A | G5: #N/A | H5: #N/A | I5: #N/A | J5: #N/A | K5: #N/A
A6: 1969 | B6: 4 | C6: #N/A | D6: #N/A | E6: #N/A | F6: #N/A | G6: #N/A | H6: #N/A | I6: #N/A | J6: #N/A | K6: #N/A
A7: 1970 | B7: 1 | C7: #N/A | D7: #N/A | E7: #N/A | F7: #N/A | G7: #N/A | H7: #N/A | I7: #N/A | J7: #N/A | K7: #N/A
A8: 1970 | B8: 2 | C8: #N/A | D8: #N/A | E8: #N/A | F8: #N/A | G8: #N/A | H8: #N/A | I8: #N/A | J8: #N/A | K8: #N/A
A9: 1970 | B9: 3 | C9: #N/A | D9: #N/A | E9: #N/A | F9: #N/A | G9: #N/A | H9: #N/A | I9: #N/A | J9: #N/A | K9: #N/A
A10: 1970 | B10: 4 | C10: #N/A | D10: #N/A | E10: #N/A | F10: #N/A | G10: #N/A | H10: #N/A | I10: #N/A | J10: #N/A | K10: #N/A
A11: 1971 | B11: 1 | C11: #N/A | D11: #N/A | E11: #N/A | F11: #N/A | G11: #N/A | H11: #N/A | I11: #N/A | J11: #N/A | K11: #N/A
A12: 1971 | B12: 2 | C12: #N/A | D12: #N/A | E12: #N/A | F12: #N/A | G12: #N/A | H12: #N/A | I12: #N/A | J12: #N/A | K12: #N/A
A13: 1971 | B13: 3 | C13: #N/A | D13: #N/A | E13: #N/A | F13: #N/A | G13: #N/A | H13: #N/A | I13: #N/A | J13: #N/A | K13: #N/A
... A154: 2006 | B154: 4 | C154: #N/A | D154: #N/A | E154: #N/A | F154: #N/A | G154: #N/A | H154: #N/A | I154: #N/A | J154: #N/A | K154: #N/A
A155: 2007 | B155: 1 | C155: -0.7996 | D155: 1.7089 | E155: 2.1613 | F155: 2.2508 | G155: 2.0336 | H155: 2.1002 | I155: 2.0417 | J155: 2.0571 | K155: 2.0934
A156: 2007 | B156: 2 | C156: 3.3974 | D156: 3.2914 | E156: 2.1497 | F156: 2.0973 | G156: 2.254 | H156: 2.1486 | I156: 2.7196 | J156: 2.2231 | K156: 2.3037
A157: 2007 | B157: 3 | C157: 4.3 | D157: 1.9989 | E157: 1.944 | F157: 2.1013 | G157: 2.0932 | H157: 2.1641 | I157: 2.8841 | J157: 2.141 | K157: 2.1007
A158: 2007 | B158: 4 | C158: 1.7 | D158: 2.6271 | E158: 2.4342 | F158: 2.0823 | G158: 2.0651 | H158: 2.0089 | I158: 2.9993 | J158: 2.1482 | K158: 2.1279
A159: 2008 | B159: 1 | C159: 3.9 | D159: 2.8492 | E159: 2.2085 | F159: 2.4534 | G159: 2.1603 | H159: 2.2616 | I159: 2.4171 | J159: 2.2229 | K159: 2.294
A160: 2008 | B160: 2 | C160: 3.5 | D160: 2.9896 | E160: 2.669 | F160: 2.3109 | G160: 2.3773 | H160: 2.2974 | I160: 2.8698 | J160: 2.3033 | K160: 2.3116
A161: 2008 | B161: 3 | C161: 4.2 | D161: 4.2264 | E161: 2.6785 | F161: 2.3283 | G161: 1.7888 | H161: 2.04 | I161: 3.6684 | J161: 2.1311 | K161: 2.2416
A162: 2008 | B162: 4 | C162: 5.4 | D162: -1.1232 | E162: 0.9561 | F162: 1.5508 | G162: 1.9629 | H162: 2.0413 | I162: 2.9228 | J162: 1.6547 | K162: 2.1804
A163: 2009 | B163: 1 | C163: -5.5 | D163: -1.9267 | E163: 0.6143 | F163: 1.4984 | G163: 1.4662 | H163: 1.607 | I163: 0.2523 | J163: 1.7016 | K163: 1.8396
A164: 2009 | B164: 2 | C164: -1 | D164: 0.94 | E164: 1.7031 | F164: 1.3339 | G164: 1.5199 | H164: 1.604 | I164: 0.7357 | J164: 1.6023 | K164: 1.7473
A165: 2009 | B165: 3 | C165: 1.3004 | D165: 2.0143 | E165: 1.4379 | F165: 1.476 | G165: 1.5087 | H165: 1.9046 | I165: 0.8632 | J165: 1.6782 | K165: 2.1294
A166: 2009 | B166: 4 | C166: 2.7994 | D166: 1.8549 | E166: 1.1717 | F166: 1.1767 | G166: 1.6753 | H166: 1.7933 | I166: 1.1172 | J166: 1.4139 | K166: 1.8093
... A219: 2023 | B219: 1 | C219: 3.1975 | D219: 3.0794 | E219: 2.9405 | F219: 2.647 | G219: 2.636 | H219: 2.4605 | I219: 2.8238 | J219: 2.3556 | K219: 2.2505

Sheet COREPCE
A1: YEAR | B1: QUARTER | C1: COREPCE1 | D1: COREPCE2 | E1: COREPCE3 | F1: COREPCE4 | G1: COREPCE5 | H1: COREPCE6 | I1: COREPCEA | J1: COREPCEB | K1: COREPCEC
A2: 1968 | B2: 4 | C2: #N/A | D2: #N/A | E2: #N/A | F2: #N/A | G2: #N/A | H2: #N/A | I2: #N/A | J2: #N/A | K2: #N/A
A3: 1969 | B3: 1 | C3: #N/A | D3: #N/A | E3: #N/A | F3: #N/A | G3: #N/A | H3: #N/A | I3: #N/A | J3: #N/A | K3: #N/A
A4: 1969 | B4: 2 | C4: #N/A | D4: #N/A | E4: #N/A | F4: #N/A | G4: #N/A | H4: #N/A | I4: #N/A | J4: #N/A | K4: #N/A
A5: 1969 | B5: 3 | C5: #N/A | D5: #N/A | E5: #N/A | F5: #N/A | G5: #N/A | H5: #N/A | I5: #N/A | J5: #N/A | K5: #N/A
A6: 1969 | B6: 4 | C6: #N/A | D6: #N/A | E6: #N/A | F6: #N/A | G6: #N/A | H6: #N/A | I6: #N/A | J6: #N/A | K6: #N/A
A7: 1970 | B7: 1 | C7: #N/A | D7: #N/A | E7: #N/A | F7: #N/A | G7: #N/A | H7: #N/A | I7: #N/A | J7: #N/A | K7: #N/A
A8: 1970 | B8: 2 | C8: #N/A | D8: #N/A | E8: #N/A | F8: #N/A | G8: #N/A | H8: #N/A | I8: #N/A | J8: #N/A | K8: #N/A
A9: 1970 | B9: 3 | C9: #N/A | D9: #N/A | E9: #N/A | F9: #N/A | G9: #N/A | H9: #N/A | I9: #N/A | J9: #N/A | K9: #N/A
A10: 1970 | B10: 4 | C10: #N/A | D10: #N/A | E10: #N/A | F10: #N/A | G10: #N/A | H10: #N/A | I10: #N/A | J10: #N/A | K10: #N/A
A11: 1971 | B11: 1 | C11: #N/A | D11: #N/A | E11: #N/A | F11: #N/A | G11: #N/A | H11: #N/A | I11: #N/A | J11: #N/A | K11: #N/A
A12: 1971 | B12: 2 | C12: #N/A | D12: #N/A | E12: #N/A | F12: #N/A | G12: #N/A | H12: #N/A | I12: #N/A | J12: #N/A | K12: #N/A
A13: 1971 | B13: 3 | C13: #N/A | D13: #N/A | E13: #N/A | F13: #N/A | G13: #N/A | H13: #N/A | I13: #N/A | J13: #N/A | K13: #N/A
... A154: 2006 | B154: 4 | C154: #N/A | D154: #N/A | E154: #N/A | F154: #N/A | G154: #N/A | H154: #N/A | I154: #N/A | J154: #N/A | K154: #N/A
A155: 2007 | B155: 1 | C155: 2.0994 | D155: 1.9607 | E155: 2.0535 | F155: 2.0495 | G155: 2.0374 | H155: 2.0147 | I155: 2.0173 | J155: 2.0083 | K155: 2.011
A156: 2007 | B156: 2 | C156: 2.2 | D156: 2.0641 | E156: 2.1213 | F156: 2.0703 | G156: 2.0836 | H156: 2.0487 | I156: 2.1151 | J156: 2.0528 | K156: 2.098
A157: 2007 | B157: 3 | C157: 1.4 | D157: 1.9276 | E157: 1.9408 | F157: 2.0113 | G157: 1.9761 | H157: 2.0405 | I157: 1.9547 | J157: 1.9848 | K157: 1.9558
A158: 2007 | B158: 4 | C158: 1.8001 | D158: 1.8919 | E158: 1.9982 | F158: 1.9435 | G158: 1.9709 | H158: 1.9003 | I158: 1.8737 | J158: 1.9535 | K158: 1.9179
A159: 2008 | B159: 1 | C159: 2.7007 | D159: 2.1665 | E159: 2.0189 | F159: 2.05 | G159: 2.0678 | H159: 2.0608 | I159: 2.0893 | J159: 1.9981 | K159: 2.0499
A160: 2008 | B160: 2 | C160: 2.2 | D160: 2.113 | E160: 2.0909 | F160: 2.1436 | G160: 2.1232 | H160: 2.0841 | I160: 2.1276 | J160: 2.1035 | K160: 2.1267
A161: 2008 | B161: 3 | C161: 2.1 | D161: 2.2278 | E161: 2.1382 | F161: 2.0828 | G161: 2.0462 | H161: 2.0579 | I161: 2.1886 | J161: 2.0476 | K161: 2.0118
A162: 2008 | B162: 4 | C162: 2.9 | D162: 1.8731 | E162: 1.6321 | F162: 1.7074 | G162: 1.7741 | H162: 1.8018 | I162: 2.2795 | J162: 1.735 | K162: 1.852
A163: 2009 | B163: 1 | C163: 0.6 | D163: 0.7361 | E163: 1.0407 | F163: 1.2152 | G163: 1.1687 | H163: 1.4032 | I163: 1.0718 | J163: 1.4261 | K163: 1.6091
A164: 2009 | B164: 2 | C164: 1.5033 | D164: 1.4077 | E164: 1.2536 | F164: 1.213 | G164: 1.3571 | H164: 1.5129 | I164: 1.3371 | J164: 1.4904 | K164: 1.6651
A165: 2009 | B165: 3 | C165: 1.999 | D165: 1.4992 | E165: 1.0998 | F165: 1.3328 | G165: 1.544 | H165: 1.5419 | I165: 1.4623 | J165: 1.4874 | K165: 1.8512
A166: 2009 | B166: 4 | C166: 1.3992 | D166: 1.1529 | E166: 1.0913 | F166: 1.2185 | G166: 1.2859 | H166: 1.3686 | I166: 1.4259 | J166: 1.2812 | K166: 1.5784
... A219: 2023 | B219: 1 | C219: 3.9003 | D219: 3.4338 | E219: 3.1321 | F219: 2.829 | G219: 2.6254 | H219: 2.4826 | I219: 3.009 | J219: 2.3554 | K219: 2.16

Sheet UBAR
A1: YEAR | B1: QUARTER | C1: UBAR | D1: UBARf
A2: 1968 | B2: 4 | C2: #N/A
A3: 1969 | B3: 1 | C3: #N/A
A4: 1969 | B4: 2 | C4: #N/A
A5: 1969 | B5: 3 | C5: #N/A
A6: 1969 | B6: 4 | C6: #N/A
A7: 1970 | B7: 1 | C7: #N/A
A8: 1970 | B8: 2 | C8: #N/A
A9: 1970 | B9: 3 | C9: #N/A
A10: 1970 | B10: 4 | C10: #N/A
A11: 1971 | B11: 1 | C11: #N/A
A12: 1971 | B12: 2 | C12: #N/A
A13: 1971 | B13: 3 | C13: #N/A
... A112: 1996 | B112: 2 | C112: #N/A
A113: 1996 | B113: 3 | C113: 5.5729
A114: 1996 | B114: 4 | C114: #N/A
A115: 1997 | B115: 1 | C115: #N/A
A116: 1997 | B116: 2 | C116: #N/A
A117: 1997 | B117: 3 | C117: 5.2411
A118: 1997 | B118: 4 | C118: #N/A
A119: 1998 | B119: 1 | C119: #N/A
A120: 1998 | B120: 2 | C120: #N/A
A121: 1998 | B121: 3 | C121: 5.2269
A122: 1998 | B122: 4 | C122: #N/A
A123: 1999 | B123: 1 | C123: #N/A
A124: 1999 | B124: 2 | C124: #N/A
A125: 1999 | B125: 3 | C125: 4.985
A126: 1999 | B126: 4 | C126: #N/A
A127: 2000 | B127: 1 | C127: #N/A
A128: 2000 | B128: 2 | C128: #N/A
A129: 2000 | B129: 3 | C129: 4.5233
A130: 2000 | B130: 4 | C130: #N/A
A131: 2001 | B131: 1 | C131: #N/A
A132: 2001 | B132: 2 | C132: #N/A
A133: 2001 | B133: 3 | C133: 4.59
A134: 2001 | B134: 4 | C134: #N/A
A135: 2002 | B135: 1 | C135: #N/A
A136: 2002 | B136: 2 | C136: #N/A
A137: 2002 | B137: 3 | C137: 5.025
A138: 2002 | B138: 4 | C138: #N/A
A139: 2003 | B139: 1 | C139: #N/A
A140: 2003 | B140: 2 | C140: #N/A
A141: 2003 | B141: 3 | C141: 5.0009
A142: 2003 | B142: 4 | C142: #N/A
A143: 2004 | B143: 1 | C143: #N/A
A144: 2004 | B144: 2 | C144: #N/A
A145: 2004 | B145: 3 | C145: 4.8069 | D145: 4.8069
A146: 2004 | B146: 4 | C146: #N/A | D146: 4.8069
A147: 2005 | B147: 1 | C147: #N/A | D147: 4.8069
A148: 2005 | B148: 2 | C148: #N/A | D148: 4.8069
A149: 2005 | B149: 3 | C149: 4.9419 | D149: 4.9419
A150: 2005 | B150: 4 | C150: #N/A | D150: 4.9419
A151: 2006 | B151: 1 | C151: #N/A | D151: 4.9419
A152: 2006 | B152: 2 | C152: #N/A | D152: 4.9419
A153: 2006 | B153: 3 | C153: 4.8712 | D153: 4.8712
A154: 2006 | B154: 4 | C154: #N/A | D154: 4.8712
A155: 2007 | B155: 1 | C155: #N/A | D155: 4.8712
A156: 2007 | B156: 2 | C156: #N/A | D156: 4.8712
A157: 2007 | B157: 3 | C157: 4.7104 | D157: 4.7104
A158: 2007 | B158: 4 | C158: #N/A | D158: 4.7104
A159: 2008 | B159: 1 | C159: #N/A | D159: 4.7104
A160: 2008 | B160: 2 | C160: #N/A | D160: 4.7104
A161: 2008 | B161: 3 | C161: 4.92 | D161: 4.92
A162: 2008 | B162: 4 | C162: #N/A | D162: 4.92
A163: 2009 | B163: 1 | C163: #N/A | D163: 4.92
A164: 2009 | B164: 2 | C164: #N/A | D164: 4.92
A165: 2009 | B165: 3 | C165: 5.0429 | D165: 5.0429
A166: 2009 | B166: 4 | C166: #N/A | D166: 5.0429
A167: 2010 | B167: 1 | C167: #N/A | D167: 5.0429
A168: 2010 | B168: 2 | C168: #N/A | D168: 5.0429
A169: 2010 | B169: 3 | C169: 5.6406 | D169: 5.6406
A170: 2010 | B170: 4 | C170: #N/A | D170: 5.6406
A171: 2011 | B171: 1 | C171: #N/A | D171: 5.6406
A172: 2011 | B172: 2 | C172: #N/A | D172: 5.6406
A173: 2011 | B173: 3 | C173: 5.8786 | D173: 5.8786
A174: 2011 | B174: 4 | C174: #N/A | D174: 5.8786
A175: 2012 | B175: 1 | C175: #N/A | D175: 5.8786
A176: 2012 | B176: 2 | C176: #N/A | D176: 5.8786
A177: 2012 | B177: 3 | C177: 5.9273 | D177: 5.9273
A178: 2012 | B178: 4 | C178: #N/A | D178: 5.9273
A179: 2013 | B179: 1 | C179: #N/A | D179: 5.9273
A180: 2013 | B180: 2 | C180: #N/A | D180: 5.9273
A181: 2013 | B181: 3 | C181: 5.8989 | D181: 5.8989
A182: 2013 | B182: 4 | C182: #N/A | D182: 5.8989
A183: 2014 | B183: 1 | C183: #N/A | D183: 5.8989
A184: 2014 | B184: 2 | C184: #N/A | D184: 5.8989
A185: 2014 | B185: 3 | C185: 5.5462 | D185: 5.5462
A186: 2014 | B186: 4 | C186: #N/A | D186: 5.5462
A187: 2015 | B187: 1 | C187: #N/A | D187: 5.5462
A188: 2015 | B188: 2 | C188: #N/A | D188: 5.5462
A189: 2015 | B189: 3 | C189: 5.0348 | D189: 5.0348
A190: 2015 | B190: 4 | C190: #N/A | D190: 5.0348
A191: 2016 | B191: 1 | C191: #N/A | D191: 5.0348
A192: 2016 | B192: 2 | C192: #N/A | D192: 5.0348
A193: 2016 | B193: 3 | C193: 4.8406 | D193: 4.8406
A194: 2016 | B194: 4 | C194: #N/A | D194: 4.8406
A195: 2017 | B195: 1 | C195: #N/A | D195: 4.8406
A196: 2017 | B196: 2 | C196: #N/A | D196: 4.8406
A197: 2017 | B197: 3 | C197: 4.41 | D197: 4.41
A198: 2017 | B198: 4 | C198: #N/A | D198: 4.41
...

Sheet Sheet1
A1: 2007 | B1: 1 | C1: #N/A
A2: 2007 | B2: 2 | C2: #N/A | F2: 2006 | G2: 4.8712
A3: 2007 | B3: 3 | C3: 4.7104 | F3: 2007 | G3: 4.7104 | H3: 4.8712
A4: 2007 | B4: 4 | C4: #N/A | F4: 2008 | G4: 4.92 | H4: 4.7104
A5: 2008 | B5: 1 | C5: #N/A | F5: 2009 | G5: 5.0429 | H5: 4.92
A6: 2008 | B6: 2 | C6: #N/A | F6: 2010 | G6: 5.6406 | H6: 5.0429
A7: 2008 | B7: 3 | C7: 4.92 | F7: 2011 | G7: 5.8786 | H7: 5.6406
A8: 2008 | B8: 4 | C8: #N/A | F8: 2012 | G8: 5.9273 | H8: 5.8786
A9: 2009 | B9: 1 | C9: #N/A | F9: 2013 | G9: 5.8989 | H9: 5.9273
A10: 2009 | B10: 2 | C10: #N/A | F10: 2014 | G10: 5.5462 | H10: 5.8989
A11: 2009 | B11: 3 | C11: 5.0429 | F11: 2015 | G11: 5.0348 | H11: 5.5462
A12: 2009 | B12: 4 | C12: #N/A | F12: 2016 | G12: 4.8406 | H12: 5.0348
A13: 2010 | B13: 1 | C13: #N/A | F13: 2017 | G13: 4.41 | H13: 4.8406
A14: 2010 | B14: 2 | C14: #N/A | F14: 2018 | G14: 4.2455 | H14: 4.41
A15: 2010 | B15: 3 | C15: 5.6406 | F15: 2019 | G15: 4.1806 | H15: 4.2455
A16: 2010 | B16: 4 | C16: #N/A | F16: 2020 | G16: 4.2654
A17: 2011 | B17: 1 | C17: #N/A
A18: 2011 | B18: 2 | C18: #N/A
A19: 2011 | B19: 3 | C19: 5.8786
A20: 2011 | B20: 4 | C20: #N/A
A21: 2012 | B21: 1 | C21: #N/A
A22: 2012 | B22: 2 | C22: #N/A
A23: 2012 | B23: 3 | C23: 5.9273
A24: 2012 | B24: 4 | C24: #N/A
A25: 2013 | B25: 1 | C25: #N/A
A26: 2013 | B26: 2 | C26: #N/A
A27: 2013 | B27: 3 | C27: 5.8989
A28: 2013 | B28: 4 | C28: #N/A
A29: 2014 | B29: 1 | C29: #N/A
A30: 2014 | B30: 2 | C30: #N/A
A31: 2014 | B31: 3 | C31: 5.5462
A32: 2014 | B32: 4 | C32: #N/A
A33: 2015 | B33: 1 | C33: #N/A
A34: 2015 | B34: 2 | C34: #N/A
A35: 2015 | B35: 3 | C35: 5.0348
A36: 2015 | B36: 4 | C36: #N/A
A37: 2016 | B37: 1 | C37: #N/A
A38: 2016 | B38: 2 | C38: #N/A
A39: 2016 | B39: 3 | C39: 4.8406
A40: 2016 | B40: 4 | C40: #N/A
A41: 2017 | B41: 1 | C41: #N/A
A42: 2017 | B42: 2 | C42: #N/A
A43: 2017 | B43: 3 | C43: 4.41
A44: 2017 | B44: 4 | C44: #N/A
A45: 2018 | B45: 1 | C45: #N/A
A46: 2018 | B46: 2 | C46: #N/A
A47: 2018 | B47: 3 | C47: 4.2455
A48: 2018 | B48: 4 | C48: #N/A
A49: 2019 | B49: 1 | C49: #N/A
A50: 2019 | B50: 2 | C50: #N/A
A51: 2019 | B51: 3 | C51: 4.1806
A52: 2019 | B52: 4 | C52: #N/A
A53: 2020 | B53: 1 | C53: #N/A
A54: 2020 | B54: 2 | C54: #N/A
A55: 2020 | B55: 3 | C55: 4.2654
A56: 2020 | B56: 4 | C56: #N/A
A57: 2021 | B57: 1 | C57: #N/A
A58: 2021 | B58: 2 | C58: #N/A
A59: 2021 | B59: 3 | C59: 3.75
A60: 2021 | B60: 4 | C60: #N/A
A61: 2022 | B61: 1 | C61: #N/A
A62: 2022 | B62: 2 | C62: #N/A
A63: 2022 | B63: 3 | C63: 4.0563
A64: 2022 | B64: 4 | C64: #N/A
A65: 2023 | B65: 1 | C65: #N/A

Sheet SPR_TBOND_TBILL
A1: YEAR | B1: QUARTER | C1: SPR_Tbond_Tbill1 | D1: SPR_Tbond_Tbill2 | E1: SPR_Tbond_Tbill3 | F1: SPR_Tbond_Tbill4 | G1: SPR_Tbond_Tbill5 | H1: SPR_Tbond_Tbill6 | I1: SPR_Tbond_TbillA | J1: SPR_Tbond_TbillB | K1: SPR_Tbond_TbillC | L1: SPR_Tbond_TbillD
A2: 1968 | B2: 4 | C2: #N/A | D2: #N/A | E2: #N/A | F2: #N/A | G2: #N/A | H2: #N/A | I2: #N/A | J2: #N/A | K2: #N/A | L2: #N/A
A3: 1969 | B3: 1 | C3: #N/A | D3: #N/A | E3: #N/A | F3: #N/A | G3: #N/A | H3: #N/A | I3: #N/A | J3: #N/A | K3: #N/A | L3: #N/A
A4: 1969 | B4: 2 | C4: #N/A | D4: #N/A | E4: #N/A | F4: #N/A | G4: #N/A | H4: #N/A | I4: #N/A | J4: #N/A | K4: #N/A | L4: #N/A
A5: 1969 | B5: 3 | C5: #N/A | D5: #N/A | E5: #N/A | F5: #N/A | G5: #N/A | H5: #N/A | I5: #N/A | J5: #N/A | K5: #N/A | L5: #N/A
A6: 1969 | B6: 4 | C6: #N/A | D6: #N/A | E6: #N/A | F6: #N/A | G6: #N/A | H6: #N/A | I6: #N/A | J6: #N/A | K6: #N/A | L6: #N/A
A7: 1970 | B7: 1 | C7: #N/A | D7: #N/A | E7: #N/A | F7: #N/A | G7: #N/A | H7: #N/A | I7: #N/A | J7: #N/A | K7: #N/A | L7: #N/A
A8: 1970 | B8: 2 | C8: #N/A | D8: #N/A | E8: #N/A | F8: #N/A | G8: #N/A | H8: #N/A | I8: #N/A | J8: #N/A | K8: #N/A | L8: #N/A
A9: 1970 | B9: 3 | C9: #N/A | D9: #N/A | E9: #N/A | F9: #N/A | G9: #N/A | H9: #N/A | I9: #N/A | J9: #N/A | K9: #N/A | L9: #N/A
A10: 1970 | B10: 4 | C10: #N/A | D10: #N/A | E10: #N/A | F10: #N/A | G10: #N/A | H10: #N/A | I10: #N/A | J10: #N/A | K10: #N/A | L10: #N/A
A11: 1971 | B11: 1 | C11: #N/A | D11: #N/A | E11: #N/A | F11: #N/A | G11: #N/A | H11: #N/A | I11: #N/A | J11: #N/A | K11: #N/A | L11: #N/A
A12: 1971 | B12: 2 | C12: #N/A | D12: #N/A | E12: #N/A | F12: #N/A | G12: #N/A | H12: #N/A | I12: #N/A | J12: #N/A | K12: #N/A | L12: #N/A
A13: 1971 | B13: 3 | C13: #N/A | D13: #N/A | E13: #N/A | F13: #N/A | G13: #N/A | H13: #N/A | I13: #N/A | J13: #N/A | K13: #N/A | L13: #N/A
... A94: 1991 | B94: 4 | C94: #N/A | D94: #N/A | E94: #N/A | F94: #N/A | G94: #N/A | H94: #N/A | I94: #N/A | J94: #N/A | K94: #N/A | L94: #N/A
A95: 1992 | B95: 1 | C95: 2.8222 | D95: 3.3338 | E95: 3.3073 | F95: 3.2708 | G95: 3.1738 | H95: 3.0724 | I95: 3.2645 | J95: 2.8797 | K95: #N/A | L95: #N/A
A96: 1992 | B96: 2 | C96: 3.3969 | D96: 3.6349 | E96: 3.5637 | F96: 3.4131 | G96: 3.2082 | H96: 3.0682 | I96: 3.4869 | J96: 2.9722 | K96: #N/A | L96: #N/A
A97: 1992 | B97: 3 | C97: 3.6947 | D97: 3.6338 | E97: 3.6147 | F97: 3.5309 | G97: 3.4372 | H97: 3.3153 | I97: 3.5841 | J97: 3.35 | K97: #N/A | L97: #N/A
A98: 1992 | B98: 4 | C98: 3.5362 | D98: 3.6529 | E98: 3.6435 | F98: 3.5324 | G98: 3.3876 | H98: 3.2491 | I98: 3.5744 | J98: 3.4729 | K98: #N/A | L98: #N/A
A99: 1993 | B99: 1 | C99: 3.6868 | D99: 3.5239 | E99: 3.4855 | F99: 3.3477 | G99: 3.1987 | H99: 3.0404 | I99: 3.4108 | J99: 2.9441 | K99: #N/A | L99: #N/A
A100: 1993 | B100: 2 | C100: 3.3194 | D100: 3.1242 | E100: 3.1161 | F100: 3.0277 | G100: 2.9557 | H100: 2.9068 | I100: 3.1316 | J100: 2.8518 | K100: #N/A | L100: #N/A
A101: 1993 | B101: 3 | C101: 3.0194 | D101: 2.7434 | E101: 2.73 | F101: 2.6703 | G101: 2.6223 | H101: 2.5859 | I101: 2.9473 | J101: 2.5886 | K101: #N/A | L101: #N/A
A102: 1993 | B102: 4 | C102: 2.6097 | D102: 2.5071 | E102: 2.4406 | F102: 2.3723 | G102: 2.3213 | H102: 2.2174 | I102: 2.8628 | J102: 2.3339 | K102: #N/A | L102: #N/A
A103: 1994 | B103: 1 | C103: 2.5479 | D103: 2.6033 | E103: 2.5025 | F103: 2.3854 | G103: 2.27 | H103: 2.2209 | I103: 2.4308 | J103: 2.1124 | K103: #N/A | L103: #N/A
A104: 1994 | B104: 2 | C104: 2.8323 | D104: 3.1013 | E104: 2.7797 | F104: 2.5623 | G104: 2.391 | H104: 2.2687 | I104: 2.8127 | J104: 2.2039 | K104: #N/A | L104: #N/A
A105: 1994 | B105: 3 | C105: 3.0904 | D105: 2.8032 | E105: 2.5912 | F105: 2.3944 | G105: 2.2416 | H105: 2.188 | I105: 2.8328 | J105: 2.2396 | K105: #N/A | L105: #N/A
A106: 1994 | B106: 4 | C106: 2.848 | D106: 2.6276 | E106: 2.3024 | F106: 2.0652 | G106: 1.938 | H106: 1.8536 | I106: 2.836 | J106: 2.0214 | K106: #N/A | L106: #N/A
... A164: 2009 | B164: 2 | C164: 2.5296 | D164: 2.7958 | E164: 2.8209 | F164: 2.8776 | G164: 2.9224 | H164: 2.8822 | I164: 2.7379 | J164: 2.8106 | K164: #N/A | L164: #N/A
A165: 2009 | B165: 3 | C165: 3.14 | D165: 3.4062 | E165: 3.4568 | F165: 3.5044 | G165: 3.4636 | H165: 3.337 | I165: 3.1499 | J165: 3.3635 | K165: 2.4269 | L165: 1.8802
A166: 2009 | B166: 4 | C166: 3.36 | D166: 3.3415 | E166: 3.3765 | F166: 3.3547 | G166: 3.2887 | H166: 3.1394 | I166: 3.0897 | J166: 3.2956 | K166: 2.3131 | L166: 1.5791
A167: 2010 | B167: 1 | C167: 3.4 | D167: 3.5297 | E167: 3.5452 | F167: 3.4935 | G167: 3.3485 | H167: 3.0805 | I167: 3.467 | J167: 2.7111 | K167: 1.8412 | L167: 1.4632
A168: 2010 | B168: 2 | C168: 3.6102 | D168: 3.6003 | E168: 3.5741 | F168: 3.474 | G168: 3.334 | H168: 3.106 | I168: 3.5647 | J168: 2.9491 | K168: 2.087 | L168: 1.607
A169: 2010 | B169: 3 | C169: 3.34 | D169: 2.997 | E169: 3.1074 | F169: 3.1691 | G169: 3.1945 | H169: 3.0883 | I169: 3.2502 | J169: 3.057 | K169: 2.2732 | L169: 1.6775
A170: 2010 | B170: 4 | C170: 2.63 | D170: 2.4196 | E170: 2.4469 | F170: 2.5544 | G170: 2.6364 | H170: 2.7276 | I170: 2.9825 | J170: 2.5969 | K170: 2.4933 | L170: 1.9015
A171: 2011 | B171: 1 | C171: 2.7186 | D171: 3.2491 | E171: 3.3317 | F171: 3.3997 | G171: 3.4344 | H171: 3.3777 | I171: 3.3512 | J171: 3.0662 | K171: 2.1415 | L171: 1.8201
A172: 2011 | B172: 2 | C172: 3.3328 | D172: 3.3388 | E172: 3.4675 | F172: 3.4766 | G172: 3.372 | H172: 3.2087 | I172: 3.407 | J172: 3.0798 | K172: 2.2132 | L172: 1.8572
A173: 2011 | B173: 3 | C173: 3.1553 | D173: 2.8841 | E173: 3.0322 | F173: 3.1191 | G173: 3.1029 | H173: 3.0824 | I173: 3.0789 | J173: 2.9556 | K173: 2.4391 | L173: 2.0205
A174: 2011 | B174: 4 | C174: 2.41 | D174: 2.205 | E174: 2.3116 | F174: 2.4119 | G174: 2.5213 | H174: 2.6466 | I174: 2.7706 | J174: 2.4697 | K174: 2.6751 | L174: 2.1961
A175: 2012 | B175: 1 | C175: 2.04 | D175: 2.0125 | E175: 2.1233 | F175: 2.2336 | G175: 2.3517 | H175: 2.4977 | I175: 2.1838 | J175: 2.615 | K175: 2.4235 | L175: 1.9521
A176: 2012 | B176: 2 | C176: 1.9749 | D176: 2.0118 | E176: 2.1527 | F176: 2.2799 | G176: 2.3883 | H176: 2.4989 | I176: 2.1065 | J176: 2.502 | K176: 2.3822 | L176: 1.9109
... A219: 2023 | B219: 1 | C219: -0.2102 | D219: -0.8414 | E219: -0.9493 | F219: -0.9271 | G219: -0.8624 | H219: -0.6624 | I219: -0.8933 | J219: -0.3385 | K219: 0.3141 | L219: 0.539

Sheet SPR_BAA_AAA
A1: YEAR | B1: QUARTER | C1: SPR_BAA_AAA1 | D1: SPR_BAA_AAA2 | E1: SPR_BAA_AAA3 | F1: SPR_BAA_AAA4 | G1: SPR_BAA_AAA5 | H1: SPR_BAA_AAA6 | I1: SPR_BAA_AAAA | J1: SPR_BAA_AAAB
A2: 1968 | B2: 4 | C2: #N/A | D2: #N/A | E2: #N/A | F2: #N/A | G2: #N/A | H2: #N/A | I2: #N/A | J2: #N/A
A3: 1969 | B3: 1 | C3: #N/A | D3: #N/A | E3: #N/A | F3: #N/A | G3: #N/A | H3: #N/A | I3: #N/A | J3: #N/A
A4: 1969 | B4: 2 | C4: #N/A | D4: #N/A | E4: #N/A | F4: #N/A | G4: #N/A | H4: #N/A | I4: #N/A | J4: #N/A
A5: 1969 | B5: 3 | C5: #N/A | D5: #N/A | E5: #N/A | F5: #N/A | G5: #N/A | H5: #N/A | I5: #N/A | J5: #N/A
A6: 1969 | B6: 4 | C6: #N/A | D6: #N/A | E6: #N/A | F6: #N/A | G6: #N/A | H6: #N/A | I6: #N/A | J6: #N/A
A7: 1970 | B7: 1 | C7: #N/A | D7: #N/A | E7: #N/A | F7: #N/A | G7: #N/A | H7: #N/A | I7: #N/A | J7: #N/A
A8: 1970 | B8: 2 | C8: #N/A | D8: #N/A | E8: #N/A | F8: #N/A | G8: #N/A | H8: #N/A | I8: #N/A | J8: #N/A
A9: 1970 | B9: 3 | C9: #N/A | D9: #N/A | E9: #N/A | F9: #N/A | G9: #N/A | H9: #N/A | I9: #N/A | J9: #N/A
A10: 1970 | B10: 4 | C10: #N/A | D10: #N/A | E10: #N/A | F10: #N/A | G10: #N/A | H10: #N/A | I10: #N/A | J10: #N/A
A11: 1971 | B11: 1 | C11: #N/A | D11: #N/A | E11: #N/A | F11: #N/A | G11: #N/A | H11: #N/A | I11: #N/A | J11: #N/A
A12: 1971 | B12: 2 | C12: #N/A | D12: #N/A | E12: #N/A | F12: #N/A | G12: #N/A | H12: #N/A | I12: #N/A | J12: #N/A
A13: 1971 | B13: 3 | C13: #N/A | D13: #N/A | E13: #N/A | F13: #N/A | G13: #N/A | H13: #N/A | I13: #N/A | J13: #N/A
... A166: 2009 | B166: 4 | C166: #N/A | D166: #N/A | E166: #N/A | F166: #N/A | G166: #N/A | H166: #N/A | I166: #N/A | J166: #N/A
A167: 2010 | B167: 1 | C167: #N/A | D167: 1.1522 | E167: 1.181 | F167: 1.1504 | G167: 1.1383 | H167: 1.0542 | I167: 1.1686 | J167: 1.0354
A168: 2010 | B168: 2 | C168: #N/A | D168: 1.05 | E168: 1.0751 | F168: 1.0758 | G168: 1.0245 | H168: 1.0108 | I168: 1.0534 | J168: 0.9917
A169: 2010 | B169: 3 | C169: #N/A | D169: 1.2598 | E169: 1.2442 | F169: 1.2015 | G169: 1.1597 | H169: 1.1422 | I169: 1.2112 | J169: 1.1638
A170: 2010 | B170: 4 | C170: #N/A | D170: 1.1566 | E170: 1.1485 | F170: 1.1177 | G170: 1.0774 | H170: 1.0313 | I170: 1.1245 | J170: 1.1099
A171: 2011 | B171: 1 | C171: #N/A | D171: 1.1413 | E171: 1.1166 | F171: 1.0951 | G171: 1.0893 | H171: 1.0516 | I171: 1.1138 | J171: 1.0745
A172: 2011 | B172: 2 | C172: #N/A | D172: 0.9541 | E172: 0.9625 | F172: 0.9708 | G172: 0.9866 | H172: 1.0076 | I172: 0.9558 | J172: 0.9799
A173: 2011 | B173: 3 | C173: #N/A | D173: 0.9155 | E173: 0.9519 | F173: 0.9364 | G173: 0.9322 | H173: 0.9293 | I173: 0.8797 | J173: 0.9245
A174: 2011 | B174: 4 | C174: #N/A | D174: 1.1542 | E174: 1.1228 | F174: 1.1127 | G174: 1.1022 | H174: 1.1044 | I174: 0.9624 | J174: 1.1176
A175: 2012 | B175: 1 | C175: #N/A | D175: 1.2985 | E175: 1.2527 | F175: 1.2255 | G175: 1.2105 | H175: 1.1931 | I175: 1.2217 | J175: 1.1102
A176: 2012 | B176: 2 | C176: #N/A | D176: 1.2952 | E176: 1.2856 | F176: 1.2435 | G176: 1.2285 | H176: 1.2339 | I176: 1.2514 | J176: 1.2118
A177: 2012 | B177: 3 | C177: #N/A | D177: 1.3361 | E177: 1.3107 | F177: 1.3009 | G177: 1.3042 | H177: 1.2954 | I177: 1.3284 | J177: 1.2992
A178: 2012 | B178: 4 | C178: #N/A | D178: 1.2551 | E178: 1.2196 | F178: 1.1567 | G178: 1.1501 | H178: 1.1281 | I178: 1.3225 | J178: 1.1503
... A219: 2023 | B219: 1 | C219: #N/A | D219: 1.1119 | E219: 1.1511 | F219: 1.0729 | G219: 1.0975 | H219: 1.053 | I219: 1.1084 | J219: 1.0635

Sheet SPR_BAA_TBOND
A1: YEAR | B1: QUARTER | C1: SPR_BAA_TBOND1 | D1: SPR_BAA_TBOND2 | E1: SPR_BAA_TBOND3 | F1: SPR_BAA_TBOND4 | G1: SPR_BAA_TBOND5 | H1: SPR_BAA_TBOND6 | I1: SPR_BAA_TBONDA | J1: SPR_BAA_TBONDB
A2: 1968 | B2: 4 | C2: #N/A | D2: #N/A | E2: #N/A | F2: #N/A | G2: #N/A | H2: #N/A | I2: #N/A | J2: #N/A
A3: 1969 | B3: 1 | C3: #N/A | D3: #N/A | E3: #N/A | F3: #N/A | G3: #N/A | H3: #N/A | I3: #N/A | J3: #N/A
A4: 1969 | B4: 2 | C4: #N/A | D4: #N/A | E4: #N/A | F4: #N/A | G4: #N/A | H4: #N/A | I4: #N/A | J4: #N/A
A5: 1969 | B5: 3 | C5: #N/A | D5: #N/A | E5: #N/A | F5: #N/A | G5: #N/A | H5: #N/A | I5: #N/A | J5: #N/A
A6: 1969 | B6: 4 | C6: #N/A | D6: #N/A | E6: #N/A | F6: #N/A | G6: #N/A | H6: #N/A | I6: #N/A | J6: #N/A
A7: 1970 | B7: 1 | C7: #N/A | D7: #N/A | E7: #N/A | F7: #N/A | G7: #N/A | H7: #N/A | I7: #N/A | J7: #N/A
A8: 1970 | B8: 2 | C8: #N/A | D8: #N/A | E8: #N/A | F8: #N/A | G8: #N/A | H8: #N/A | I8: #N/A | J8: #N/A
A9: 1970 | B9: 3 | C9: #N/A | D9: #N/A | E9: #N/A | F9: #N/A | G9: #N/A | H9: #N/A | I9: #N/A | J9: #N/A
A10: 1970 | B10: 4 | C10: #N/A | D10: #N/A | E10: #N/A | F10: #N/A | G10: #N/A | H10: #N/A | I10: #N/A | J10: #N/A
A11: 1971 | B11: 1 | C11: #N/A | D11: #N/A | E11: #N/A | F11: #N/A | G11: #N/A | H11: #N/A | I11: #N/A | J11: #N/A
A12: 1971 | B12: 2 | C12: #N/A | D12: #N/A | E12: #N/A | F12: #N/A | G12: #N/A | H12: #N/A | I12: #N/A | J12: #N/A
A13: 1971 | B13: 3 | C13: #N/A | D13: #N/A | E13: #N/A | F13: #N/A | G13: #N/A | H13: #N/A | I13: #N/A | J13: #N/A
... A165: 2009 | B165: 3 | C165: #N/A | D165: #N/A | E165: #N/A | F165: #N/A | G165: #N/A | H165: #N/A | I165: #N/A | J165: #N/A
A166: 2009 | B166: 4 | C166: #N/A | D166: #N/A | E166: #N/A | F166: #N/A | G166: #N/A | H166: #N/A | I166: #N/A | J166: #N/A | L166: BAA 6
A167: 2010 | B167: 1 | C167: #N/A | D167: 2.6776 | E167: 2.6602 | F167: 2.614 | G167: 2.5607 | H167: 2.4396 | I167: 2.6347 | J167: 2.3729 | L167: =H167+TBOND!H167 -> 6.6572
A168: 2010 | B168: 2 | C168: #N/A | D168: 2.5341 | E168: 2.5385 | F168: 2.5212 | G168: 2.4467 | H168: 2.3868 | I168: 2.5651 | J168: 2.3783 | L168: =H168+TBOND!H168 -> 6.7298
A169: 2010 | B169: 3 | C169: #N/A | D169: 2.8537 | E169: 2.7543 | F169: 2.6683 | G169: 2.5886 | H169: 2.545 | I169: 2.7552 | J169: 2.6006 | L169: =H169+TBOND!H169 -> 6.4402
A170: 2010 | B170: 4 | C170: #N/A | D170: 3.0409 | E170: 2.9272 | F170: 2.8475 | G170: 2.7449 | H170: 2.6659 | I170: 2.8352 | J170: 2.7908 | L170: =H170+TBOND!H170 -> 6.0079
A171: 2011 | B171: 1 | C171: #N/A | D171: 2.8025 | E171: 2.7324 | F171: 2.6645 | G171: 2.5856 | H171: 2.4802 | I171: 2.6968 | J171: 2.4615 | L171: =H171+TBOND!H171 -> 6.4372
A172: 2011 | B172: 2 | C172: #N/A | D172: 2.6155 | E172: 2.5892 | F172: 2.566 | G172: 2.5283 | H172: 2.5259 | I172: 2.5895 | J172: 2.5113 | L172: =H172+TBOND!H172 -> 6.6287
A173: 2011 | B173: 3 | C173: #N/A | D173: 2.7458 | E173: 2.7053 | F173: 2.6575 | G173: 2.6028 | H173: 2.5488 | I173: 2.6766 | J173: 2.5616 | L173: =H173+TBOND!H173 -> 6.1845
A174: 2011 | B174: 4 | C174: #N/A | D174: 3.0025 | E174: 2.9339 | F174: 2.8404 | G174: 2.8232 | H174: 2.7744 | I174: 2.8064 | J174: 2.8412 | L174: =H174+TBOND!H174 -> 5.6511
A175: 2012 | B175: 1 | C175: #N/A | D175: 3.1558 | E175: 3.1019 | F175: 3.0227 | G175: 2.9604 | H175: 2.8986 | I175: 3.0339 | J175: 2.8239 | L175: =H175+TBOND!H175 -> 5.5223
A176: 2012 | B176: 2 | C176: #N/A | D176: 3.0935 | E176: 3.033 | F176: 2.9772 | G176: 2.9278 | H176: 2.9163 | I176: 3.0386 | J176: 2.891 | L176: =H176+TBOND!H176 -> 5.587
A177: 2012 | B177: 3 | C177: #N/A | D177: 3.2718 | E177: 3.2047 | F177: 3.1569 | G177: 3.1175 | H177: 3.0942 | I177: 3.2362 | J177: 3.1208 | L177: =H177+TBOND!H177 -> 5.3214
A178: 2012 | B178: 4 | C178: #N/A | D178: 3.0211 | E178: 3.0106 | F178: 2.9707 | G178: 2.925 | H178: 2.8888 | I178: 3.1759 | J178: 2.9532 | L178: =H178+TBOND!H178 -> 5.1813
... A219: 2023 | B219: 1 | C219: #N/A | D219: 2.104 | E219: 2.255 | F219: 2.2431 | G219: 2.2943 | H219: 2.2862 | I219: 2.2265 | J219: 2.2039 | L219: =H219+TBOND!H219 -> 5.9942

Sheet SPR_AAA_TBOND
A1: YEAR | B1: QUARTER | C1: SPR_AAA_TBOND1 | D1: SPR_AAA_TBOND2 | E1: SPR_AAA_TBOND3 | F1: SPR_AAA_TBOND4 | G1: SPR_AAA_TBOND5 | H1: SPR_AAA_TBOND6 | I1: SPR_AAA_TBONDA | J1: SPR_AAA_TBONDB
A2: 1968 | B2: 4 | C2: #N/A | D2: #N/A | E2: #N/A | F2: #N/A | G2: #N/A | H2: #N/A | I2: #N/A | J2: #N/A
A3: 1969 | B3: 1 | C3: #N/A | D3: #N/A | E3: #N/A | F3: #N/A | G3: #N/A | H3: #N/A | I3: #N/A | J3: #N/A
A4: 1969 | B4: 2 | C4: #N/A | D4: #N/A | E4: #N/A | F4: #N/A | G4: #N/A | H4: #N/A | I4: #N/A | J4: #N/A
A5: 1969 | B5: 3 | C5: #N/A | D5: #N/A | E5: #N/A | F5: #N/A | G5: #N/A | H5: #N/A | I5: #N/A | J5: #N/A
A6: 1969 | B6: 4 | C6: #N/A | D6: #N/A | E6: #N/A | F6: #N/A | G6: #N/A | H6: #N/A | I6: #N/A | J6: #N/A
A7: 1970 | B7: 1 | C7: #N/A | D7: #N/A | E7: #N/A | F7: #N/A | G7: #N/A | H7: #N/A | I7: #N/A | J7: #N/A
A8: 1970 | B8: 2 | C8: #N/A | D8: #N/A | E8: #N/A | F8: #N/A | G8: #N/A | H8: #N/A | I8: #N/A | J8: #N/A
A9: 1970 | B9: 3 | C9: #N/A | D9: #N/A | E9: #N/A | F9: #N/A | G9: #N/A | H9: #N/A | I9: #N/A | J9: #N/A
A10: 1970 | B10: 4 | C10: #N/A | D10: #N/A | E10: #N/A | F10: #N/A | G10: #N/A | H10: #N/A | I10: #N/A | J10: #N/A
A11: 1971 | B11: 1 | C11: #N/A | D11: #N/A | E11: #N/A | F11: #N/A | G11: #N/A | H11: #N/A | I11: #N/A | J11: #N/A
A12: 1971 | B12: 2 | C12: #N/A | D12: #N/A | E12: #N/A | F12: #N/A | G12: #N/A | H12: #N/A | I12: #N/A | J12: #N/A
A13: 1971 | B13: 3 | C13: #N/A | D13: #N/A | E13: #N/A | F13: #N/A | G13: #N/A | H13: #N/A | I13: #N/A | J13: #N/A
... A94: 1991 | B94: 4 | C94: #N/A | D94: #N/A | E94: #N/A | F94: #N/A | G94: #N/A | H94: #N/A | I94: #N/A | J94: #N/A
A95: 1992 | B95: 1 | C95: #N/A | D95: 0.9829 | E95: 0.9959 | F95: 0.9629 | G95: 0.9603 | H95: 0.9229 | I95: 0.9611 | J95: 0.8807
A96: 1992 | B96: 2 | C96: #N/A | D96: 0.9093 | E96: 0.9197 | F96: 0.928 | G96: 0.9445 | H96: 0.8986 | I96: 0.9517 | J96: 0.9418
A97: 1992 | B97: 3 | C97: #N/A | D97: 1.1293 | E97: 1.1213 | F97: 1.0987 | G97: 1.0707 | H97: 1.039 | I97: 1.0303 | J97: 1.0773
A98: 1992 | B98: 4 | C98: #N/A | D98: 1.3681 | E98: 1.3566 | F98: 1.3122 | G98: 1.2872 | H98: 1.2331 | I98: 1.1675 | J98: 1.3141
A99: 1993 | B99: 1 | C99: #N/A | D99: 1.2862 | E99: 1.2897 | F99: 1.2679 | G99: 1.2507 | H99: 1.2346 | I99: 1.2525 | J99: 1.2035
A100: 1993 | B100: 2 | C100: #N/A | D100: 1.4262 | E100: 1.3962 | F100: 1.3765 | G100: 1.3563 | H100: 1.2992 | I100: 1.4238 | J100: 1.305
A101: 1993 | B101: 3 | C101: #N/A | D101: 1.4231 | E101: 1.3669 | F101: 1.346 | G101: 1.3 | H101: 1.2843 | I101: 1.4163 | J101: 1.3002
A102: 1993 | B102: 4 | C102: #N/A | D102: 1.2733 | E102: 1.25 | F102: 1.2374 | G102: 1.223 | H102: 1.2074 | I102: 1.3197 | J102: 1.2314
A103: 1994 | B103: 1 | C103: #N/A | D103: 1.1605 | E103: 1.1481 | F103: 1.141 | G103: 1.15 | H103: 1.1635 | I103: 1.1467 | J103: 1.1278
A104: 1994 | B104: 2 | C104: #N/A | D104: 0.9212 | E104: 0.9556 | F104: 0.9624 | G104: 0.9308 | H104: 0.975 | I104: 0.9892 | J104: 0.9748
A105: 1994 | B105: 3 | C105: #N/A | D105: 0.8425 | E105: 0.862 | F105: 0.875 | G105: 0.896 | H105: 0.834 | I105: 0.8775 | J105: 0.847
A106: 1994 | B106: 4 | C106: #N/A | D106: 0.857 | E106: 0.8504 | F106: 0.8452 | G106: 0.8026 | H106: 0.7974 | I106: 0.8982 | J106: 0.8241
... A219: 2023 | B219: 1 | C219: #N/A | D219: 0.9335 | E219: 1.0273 | F219: 1.0895 | G219: 1.1152 | H219: 1.1456 | I219: 1.0435 | J219: 1.0545

Sheet CPIF5
A1: YEAR | B1: QUARTER | C1: cpif5
A2: 1968 | B2: 4 | C2: #N/A
A3: 1969 | B3: 1 | C3: #N/A
A4: 1969 | B4: 2 | C4: #N/A
A5: 1969 | B5: 3 | C5: #N/A
A6: 1969 | B6: 4 | C6: #N/A
A7: 1970 | B7: 1 | C7: #N/A
A8: 1970 | B8: 2 | C8: #N/A
A9: 1970 | B9: 3 | C9: #N/A
A10: 1970 | B10: 4 | C10: #N/A
A11: 1971 | B11: 1 | C11: #N/A
A12: 1971 | B12: 2 | C12: #N/A
A13: 1971 | B13: 3 | C13: #N/A
... A148: 2005 | B148: 2 | C148: #N/A
A149: 2005 | B149: 3 | C149: 2.7105
A150: 2005 | B150: 4 | C150: 2.4204
A151: 2006 | B151: 1 | C151: 2.5111
A152: 2006 | B152: 2 | C152: 2.4762
A153: 2006 | B153: 3 | C153: 2.5185
A154: 2006 | B154: 4 | C154: 2.5606
A155: 2007 | B155: 1 | C155: 2.3744
A156: 2007 | B156: 2 | C156: 2.4406
A157: 2007 | B157: 3 | C157: 2.4172
A158: 2007 | B158: 4 | C158: 2.4154
A159: 2008 | B159: 1 | C159: 2.4741
A160: 2008 | B160: 2 | C160: 2.466
... A219: 2023 | B219: 1 | C219: 2.2104

Sheet PCEF5
A1: YEAR | B1: QUARTER | C1: pcef5
A2: 1968 | B2: 4 | C2: #N/A
A3: 1969 | B3: 1 | C3: #N/A
A4: 1969 | B4: 2 | C4: #N/A
A5: 1969 | B5: 3 | C5: #N/A
A6: 1969 | B6: 4 | C6: #N/A
A7: 1970 | B7: 1 | C7: #N/A
A8: 1970 | B8: 2 | C8: #N/A
A9: 1970 | B9: 3 | C9: #N/A
A10: 1970 | B10: 4 | C10: #N/A
A11: 1971 | B11: 1 | C11: #N/A
A12: 1971 | B12: 2 | C12: #N/A
A13: 1971 | B13: 3 | C13: #N/A
... A154: 2006 | B154: 4 | C154: #N/A
A155: 2007 | B155: 1 | C155: 2.1128
A156: 2007 | B156: 2 | C156: 2.2061
A157: 2007 | B157: 3 | C157: 2.1726
A158: 2007 | B158: 4 | C158: 2.09
A159: 2008 | B159: 1 | C159: 2.2124
A160: 2008 | B160: 2 | C160: 2.1822
A161: 2008 | B161: 3 | C161: 2.1751
A162: 2008 | B162: 4 | C162: 2.3423
A163: 2009 | B163: 1 | C163: 2.4497
A164: 2009 | B164: 2 | C164: 2.4449
A165: 2009 | B165: 3 | C165: 2.5574
A166: 2009 | B166: 4 | C166: 2.4949
... A219: 2023 | B219: 1 | C219: 2.0715

Sheet RR1_TBILL_PGDP
A1: YEAR | B1: QUARTER | C1: RR1_TBILL_PGDP_2 | D1: RR1_TBILL_PGDP_3 | E1: RR1_TBILL_PGDP_4 | F1: RR1_TBILL_PGDP_5 | G1: RR1_TBILL_PGDP_6
A2: 1968 | B2: 4 | C2: #N/A | D2: #N/A | E2: #N/A | F2: #N/A | G2: #N/A
A3: 1969 | B3: 1 | C3: #N/A | D3: #N/A | E3: #N/A | F3: #N/A | G3: #N/A
A4: 1969 | B4: 2 | C4: #N/A | D4: #N/A | E4: #N/A | F4: #N/A | G4: #N/A
A5: 1969 | B5: 3 | C5: #N/A | D5: #N/A | E5: #N/A | F5: #N/A | G5: #N/A
A6: 1969 | B6: 4 | C6: #N/A | D6: #N/A | E6: #N/A | F6: #N/A | G6: #N/A
A7: 1970 | B7: 1 | C7: #N/A | D7: #N/A | E7: #N/A | F7: #N/A | G7: #N/A
A8: 1970 | B8: 2 | C8: #N/A | D8: #N/A | E8: #N/A | F8: #N/A | G8: #N/A
A9: 1970 | B9: 3 | C9: #N/A | D9: #N/A | E9: #N/A | F9: #N/A | G9: #N/A
A10: 1970 | B10: 4 | C10: #N/A | D10: #N/A | E10: #N/A | F10: #N/A | G10: #N/A
A11: 1971 | B11: 1 | C11: #N/A | D11: #N/A | E11: #N/A | F11: #N/A | G11: #N/A
A12: 1971 | B12: 2 | C12: #N/A | D12: #N/A | E12: #N/A | F12: #N/A | G12: #N/A
A13: 1971 | B13: 3 | C13: #N/A | D13: #N/A | E13: #N/A | F13: #N/A | G13: #N/A
... A52: 1981 | B52: 2 | C52: #N/A | D52: #N/A | E52: #N/A | F52: #N/A | G52: #N/A
A53: 1981 | B53: 3 | C53: 7.3989 | D53: 6.8017 | E53: 5.8757 | F53: 6.1828 | G53: 4.8004
A54: 1981 | B54: 4 | C54: 3.948 | D54: 2.6076 | E54: 4.1262 | F54: 4.4833 | G54: 4.6209
A55: 1982 | B55: 1 | C55: 6.8664 | D55: 5.7297 | E55: 5.5641 | F55: 5.3249 | G55: 5.3587
A56: 1982 | B56: 2 | C56: 7.8032 | D56: 6.7847 | E56: 5.5588 | F56: 6.062 | G56: 6.2615
A57: 1982 | B57: 3 | C57: 4.1158 | D57: 3.6327 | E57: 5.0472 | F57: 4.6768 | G57: 4.6232
A58: 1982 | B58: 4 | C58: 3.38 | D58: 2.9217 | E58: 2.7859 | F58: 2.6882 | G58: 2.6061
A59: 1983 | B59: 1 | C59: 3.8478 | D59: 2.8926 | E59: 2.9126 | F59: 2.7275 | G59: 3.5814
A60: 1983 | B60: 2 | C60: 3.9212 | D60: 3.579 | E60: 3.2197 | F60: 2.9322 | G60: 3.0217
A61: 1983 | B61: 3 | C61: 4.9128 | D61: 4.3612 | E61: 3.9147 | F61: 3.761 | G61: 3.4684
A62: 1983 | B62: 4 | C62: 4.2208 | D62: 3.6098 | E62: 3.371 | F62: 2.8042 | G62: 3.8913
A63: 1984 | B63: 1 | C63: 4.4188 | D63: 4.3492 | E63: 3.9408 | F63: 3.4368 | G63: 4.2972
A64: 1984 | B64: 2 | C64: 5.3151 | D64: 4.8334 | E64: 4.7329 | F64: 4.8587 | G64: 4.6898
... A219: 2023 | B219: 1 | C219: 1.3422 | D219: 1.8028 | E219: 2.0355 | F219: 2.0701 | G219: 1.8992

Sheet RR2_TBILL_PGDP
A1: YEAR | B1: QUARTER | C1: RR2_TBILL_PGDP_2 | D1: RR2_TBILL_PGDP_3 | E1: RR2_TBILL_PGDP_4 | F1: RR2_TBILL_PGDP_5
A2: 1968 | B2: 4 | C2: #N/A | D2: #N/A | E2: #N/A | F2: #N/A
A3: 1969 | B3: 1 | C3: #N/A | D3: #N/A | E3: #N/A | F3: #N/A
A4: 1969 | B4: 2 | C4: #N/A | D4: #N/A | E4: #N/A | F4: #N/A
A5: 1969 | B5: 3 | C5: #N/A | D5: #N/A | E5: #N/A | F5: #N/A
A6: 1969 | B6: 4 | C6: #N/A | D6: #N/A | E6: #N/A | F6: #N/A
A7: 1970 | B7: 1 | C7: #N/A | D7: #N/A | E7: #N/A | F7: #N/A
A8: 1970 | B8: 2 | C8: #N/A | D8: #N/A | E8: #N/A | F8: #N/A
A9: 1970 | B9: 3 | C9: #N/A | D9: #N/A | E9: #N/A | F9: #N/A
A10: 1970 | B10: 4 | C10: #N/A | D10: #N/A | E10: #N/A | F10: #N/A
A11: 1971 | B11: 1 | C11: #N/A | D11: #N/A | E11: #N/A | F11: #N/A
A12: 1971 | B12: 2 | C12: #N/A | D12: #N/A | E12: #N/A | F12: #N/A
A13: 1971 | B13: 3 | C13: #N/A | D13: #N/A | E13: #N/A | F13: #N/A
... A52: 1981 | B52: 2 | C52: #N/A | D52: #N/A | E52: #N/A | F52: #N/A
A53: 1981 | B53: 3 | C53: 7.4651 | D53: 6.525 | E53: 6.7459 | F53: 5.1875
A54: 1981 | B54: 4 | C54: 3.745 | D54: 3.9491 | E54: 3.9435 | F54: 4.2436
A55: 1982 | B55: 1 | C55: 6.4697 | D55: 5.5787 | E55: 5.3835 | F55: 5.2055
A56: 1982 | B56: 2 | C56: 7.2927 | D56: 5.381 | E56: 6.0495 | F56: 6.551
A57: 1982 | B57: 3 | C57: 4.076 | D57: 4.647 | E57: 4.6367 | F57: 4.4827
A58: 1982 | B58: 4 | C58: 2.9405 | D58: 2.7054 | E58: 2.6122 | F58: 2.4787
A59: 1983 | B59: 1 | C59: 3.0303 | D59: 2.7754 | E59: 2.5847 | F59: 3.5428
A60: 1983 | B60: 2 | C60: 3.6997 | D60: 3.2223 | E60: 2.8725 | F60: 2.9785
A61: 1983 | B61: 3 | C61: 4.4248 | D61: 4.0169 | E61: 3.8894 | F61: 3.4177
A62: 1983 | B62: 4 | C62: 3.7395 | D62: 3.4057 | E62: 2.7139 | F62: 3.6944
A63: 1984 | B63: 1 | C63: 4.4167 | D63: 3.9104 | E63: 3.3543 | F63: 4.0361
A64: 1984 | B64: 2 | C64: 4.7285 | D64: 4.5881 | E64: 4.6769 | F64: 4.5143
... A219: 2023 | B219: 1 | C219: 1.6022 | D219: 2.0624 | E219: 2.2256 | F219: 2.1588

Sheet RR3_TBILL_PGDP
A1: YEAR | B1: QUARTER | C1: RR3_TBILL_PGDP_2 | D1: RR3_TBILL_PGDP_3 | E1: RR3_TBILL_PGDP_4 | F1: RR3_TBILL_PGDP_5
A2: 1968 | B2: 4 | C2: #N/A | D2: #N/A | E2: #N/A | F2: #N/A
A3: 1969 | B3: 1 | C3: #N/A | D3: #N/A | E3: #N/A | F3: #N/A
A4: 1969 | B4: 2 | C4: #N/A | D4: #N/A | E4: #N/A | F4: #N/A
A5: 1969 | B5: 3 | C5: #N/A | D5: #N/A | E5: #N/A | F5: #N/A
A6: 1969 | B6: 4 | C6: #N/A | D6: #N/A | E6: #N/A | F6: #N/A
A7: 1970 | B7: 1 | C7: #N/A | D7: #N/A | E7: #N/A | F7: #N/A
A8: 1970 | B8: 2 | C8: #N/A | D8: #N/A | E8: #N/A | F8: #N/A
A9: 1970 | B9: 3 | C9: #N/A | D9: #N/A | E9: #N/A | F9: #N/A
A10: 1970 | B10: 4 | C10: #N/A | D10: #N/A | E10: #N/A | F10: #N/A
A11: 1971 | B11: 1 | C11: #N/A | D11: #N/A | E11: #N/A | F11: #N/A
A12: 1971 | B12: 2 | C12: #N/A | D12: #N/A | E12: #N/A | F12: #N/A
A13: 1971 | B13: 3 | C13: #N/A | D13: #N/A | E13: #N/A | F13: #N/A
... A52: 1981 | B52: 2 | C52: #N/A | D52: #N/A | E52: #N/A | F52: #N/A
A53: 1981 | B53: 3 | C53: 7.4298 | D53: 6.6866 | E53: 6.3221 | F53: 5.6418
A54: 1981 | B54: 4 | C54: 3.8868 | D54: 3.3097 | E54: 4.0541 | F54: 4.3718
A55: 1982 | B55: 1 | C55: 6.6697 | D55: 5.662 | E55: 5.479 | F55: 5.2876
A56: 1982 | B56: 2 | C56: 7.5593 | D56: 6.1008 | E56: 5.8126 | F56: 6.3206
A57: 1982 | B57: 3 | C57: 4.0861 | D57: 4.159 | E57: 4.849 | F57: 4.5815
A58: 1982 | B58: 4 | C58: 3.1623 | D58: 2.8148 | E58: 2.7012 | F58: 2.5864
A59: 1983 | B59: 1 | C59: 3.4413 | D59: 2.8348 | E59: 2.7494 | F59: 3.1331
A60: 1983 | B60: 2 | C60: 3.8117 | D60: 3.4015 | E60: 3.0492 | F60: 2.956
A61: 1983 | B61: 3 | C61: 4.6636 | D61: 4.1906 | E61: 3.9026 | F61: 3.5915
A62: 1983 | B62: 4 | C62: 3.9589 | D62: 3.5088 | E62: 3.0565 | F62: 3.2969
A63: 1984 | B63: 1 | C63: 4.4173 | D63: 4.1308 | E63: 3.6528 | F63: 3.7388
A64: 1984 | B64: 2 | C64: 5.0077 | D64: 4.7117 | E64: 4.7082 | F64: 4.6883
... A219: 2023 | B219: 1 | C219: 1.4735 | D219: 1.9335 | E219: 2.1308 | F219: 2.1149

Sheet RR1_TBILL_CPI
A1: YEAR | B1: QUARTER | C1: RR1_TBILL_CPI_2 | D1: RR1_TBILL_CPI_3 | E1: RR1_TBILL_CPI_4 | F1: RR1_TBILL_CPI_5 | G1: RR1_TBILL_CPI_6
A2: 1968 | B2: 4 | C2: #N/A | D2: #N/A | E2: #N/A | F2: #N/A | G2: #N/A
A3: 1969 | B3: 1 | C3: #N/A | D3: #N/A | E3: #N/A | F3: #N/A | G3: #N/A
A4: 1969 | B4: 2 | C4: #N/A | D4: #N/A | E4: #N/A | F4: #N/A | G4: #N/A
A5: 1969 | B5: 3 | C5: #N/A | D5: #N/A | E5: #N/A | F5: #N/A | G5: #N/A
A6: 1969 | B6: 4 | C6: #N/A | D6: #N/A | E6: #N/A | F6: #N/A | G6: #N/A
A7: 1970 | B7: 1 | C7: #N/A | D7: #N/A | E7: #N/A | F7: #N/A | G7: #N/A
A8: 1970 | B8: 2 | C8: #N/A | D8: #N/A | E8: #N/A | F8: #N/A | G8: #N/A
A9: 1970 | B9: 3 | C9: #N/A | D9: #N/A | E9: #N/A | F9: #N/A | G9: #N/A
A10: 1970 | B10: 4 | C10: #N/A | D10: #N/A | E10: #N/A | F10: #N/A | G10: #N/A
A11: 1971 | B11: 1 | C11: #N/A | D11: #N/A | E11: #N/A | F11: #N/A | G11: #N/A
A12: 1971 | B12: 2 | C12: #N/A | D12: #N/A | E12: #N/A | F12: #N/A | G12: #N/A
A13: 1971 | B13: 3 | C13: #N/A | D13: #N/A | E13: #N/A | F13: #N/A | G13: #N/A
... A52: 1981 | B52: 2 | C52: #N/A | D52: #N/A | E52: #N/A | F52: #N/A | G52: #N/A
A53: 1981 | B53: 3 | C53: 5.8493 | D53: 6.435 | E53: 5.9057 | F53: 5.4183 | G53: 4.985
A54: 1981 | B54: 4 | C54: 3.3636 | D54: 3.2979 | E54: 3.7348 | F54: 4.1636 | G54: 4.3433
A55: 1982 | B55: 1 | C55: 7.4656 | D55: 6.287 | E55: 5.6719 | F55: 5.8815 | G55: 5.8888
A56: 1982 | B56: 2 | C56: 8.6674 | D56: 6.03 | E56: 6.0129 | F56: 6.079 | G56: 6.2268
A57: 1982 | B57: 3 | C57: 2.9827 | D57: 4.1009 | E57: 4.3694 | F57: 4.4218 | G57: 4.2806
A58: 1982 | B58: 4 | C58: 4.0355 | D58: 2.6676 | E58: 2.4579 | F58: 2.5669 | G58: 2.5552
A59: 1983 | B59: 1 | C59: 5.1603 | D59: 3.8082 | E59: 3.6355 | F59: 3.5445 | G59: 3.6114
A60: 1983 | B60: 2 | C60: 4.3641 | D60: 3.7438 | E60: 3.5341 | F60: 3.4559 | G60: 3.6088
A61: 1983 | B61: 3 | C61: 5.1357 | D61: 4.7641 | E61: 4.8468 | F61: 4.5993 | G61: 4.5054
A62: 1983 | B62: 4 | C62: 3.8959 | D62: 3.87 | E62: 3.8403 | F62: 3.7476 | G62: 3.7538
A63: 1984 | B63: 1 | C63: 5.0175 | D63: 4.7429 | E63: 4.3561 | F63: 4.3621 | G63: 4.5904
A64: 1984 | B64: 2 | C64: 5.4757 | D64: 5.2177 | E64: 5.067 | F64: 5.0754 | G64: 5.0911
... A219: 2023 | B219: 1 | C219: 1.2517 | D219: 1.4665 | E219: 1.7571 | F219: 1.7433 | G219: 1.7456

Sheet RR2_TBILL_CPI
A1: YEAR | B1: QUARTER | C1: RR2_TBILL_CPI_2 | D1: RR2_TBILL_CPI_3 | E1: RR2_TBILL_CPI_4 | F1: RR2_TBILL_CPI_5
A2: 1968 | B2: 4 | C2: #N/A | D2: #N/A | E2: #N/A | F2: #N/A
A3: 1969 | B3: 1 | C3: #N/A | D3: #N/A | E3: #N/A | F3: #N/A
A4: 1969 | B4: 2 | C4: #N/A | D4: #N/A | E4: #N/A | F4: #N/A
A5: 1969 | B5: 3 | C5: #N/A | D5: #N/A | E5: #N/A | F5: #N/A
A6: 1969 | B6: 4 | C6: #N/A | D6: #N/A | E6: #N/A | F6: #N/A
A7: 1970 | B7: 1 | C7: #N/A | D7: #N/A | E7: #N/A | F7: #N/A
A8: 1970 | B8: 2 | C8: #N/A | D8: #N/A | E8: #N/A | F8: #N/A
A9: 1970 | B9: 3 | C9: #N/A | D9: #N/A | E9: #N/A | F9: #N/A
A10: 1970 | B10: 4 | C10: #N/A | D10: #N/A | E10: #N/A | F10: #N/A
A11: 1971 | B11: 1 | C11: #N/A | D11: #N/A | E11: #N/A | F11: #N/A
A12: 1971 | B12: 2 | C12: #N/A | D12: #N/A | E12: #N/A | F12: #N/A
A13: 1971 | B13: 3 | C13: #N/A | D13: #N/A | E13: #N/A | F13: #N/A
... A52: 1981 | B52: 2 | C52: #N/A | D52: #N/A | E52: #N/A | F52: #N/A
A53: 1981 | B53: 3 | C53: 7.1793 | D53: 6.6083 | E53: 6.0323 | F53: 5.315
A54: 1981 | B54: 4 | C54: 4.4242 | D54: 3.5373 | E54: 3.6076 | F54: 3.9697
A55: 1982 | B55: 1 | C55: 6.9433 | D55: 5.687 | E55: 5.9052 | F55: 5.7292
A56: 1982 | B56: 2 | C56: 6.573 | D56: 5.9452 | E56: 5.9935 | F56: 6.4468
A57: 1982 | B57: 3 | C57: 4.6706 | D57: 3.9555 | E57: 4.3694 | F57: 4.1506
A58: 1982 | B58: 4 | C58: 2.6562 | D58: 2.4228 | E58: 2.4648 | F58: 2.429
A59: 1983 | B59: 1 | C59: 3.9482 | D59: 3.5021 | E59: 3.387 | F59: 3.5645
A60: 1983 | B60: 2 | C60: 3.87 | D60: 3.5232 | E60: 3.3831 | F60: 3.5482
A61: 1983 | B61: 3 | C61: 4.7667 | D61: 4.9725 | E61: 4.7325 | F61: 4.4564
A62: 1983 | B62: 4 | C62: 4.0097 | D62: 3.87 | E62: 3.6403 | F62: 3.5476
A63: 1984 | B63: 1 | C63: 4.8068 | D63: 4.3357 | E63: 4.2704 | F63: 4.32
A64: 1984 | B64: 2 | C64: 5.119 | D64: 4.8843 | E64: 4.8837 | F64: 4.8932
... A219: 2023 | B219: 1 | C219: 1.2593 | D219: 1.774 | E219: 1.8912 | F219: 2.0046

Sheet RR3_TBILL_CPI
A1: YEAR | B1: QUARTER | C1: RR3_TBILL_CPI_2 | D1: RR3_TBILL_CPI_3 | E1: RR3_TBILL_CPI_4 | F1: RR3_TBILL_CPI_5
A2: 1968 | B2: 4 | C2: #N/A | D2: #N/A | E2: #N/A | F2: #N/A
A3: 1969 | B3: 1 | C3: #N/A | D3: #N/A | E3: #N/A | F3: #N/A
A4: 1969 | B4: 2 | C4: #N/A | D4: #N/A | E4: #N/A | F4: #N/A
A5: 1969 | B5: 3 | C5: #N/A | D5: #N/A | E5: #N/A | F5: #N/A
A6: 1969 | B6: 4 | C6: #N/A | D6: #N/A | E6: #N/A | F6: #N/A
A7: 1970 | B7: 1 | C7: #N/A | D7: #N/A | E7: #N/A | F7: #N/A
A8: 1970 | B8: 2 | C8: #N/A | D8: #N/A | E8: #N/A | F8: #N/A
A9: 1970 | B9: 3 | C9: #N/A | D9: #N/A | E9: #N/A | F9: #N/A
A10: 1970 | B10: 4 | C10: #N/A | D10: #N/A | E10: #N/A | F10: #N/A
A11: 1971 | B11: 1 | C11: #N/A | D11: #N/A | E11: #N/A | F11: #N/A
A12: 1971 | B12: 2 | C12: #N/A | D12: #N/A | E12: #N/A | F12: #N/A
A13: 1971 | B13: 3 | C13: #N/A | D13: #N/A | E13: #N/A | F13: #N/A
... A52: 1981 | B52: 2 | C52: #N/A | D52: #N/A | E52: #N/A | F52: #N/A
A53: 1981 | B53: 3 | C53: 6.5192 | D53: 6.5231 | E53: 5.9694 | F53: 5.3671
A54: 1981 | B54: 4 | C54: 3.8969 | D54: 3.418 | E54: 3.6721 | F54: 4.0671
A55: 1982 | B55: 1 | C55: 7.2062 | D55: 5.9883 | E55: 5.7904 | F55: 5.8575
A56: 1982 | B56: 2 | C56: 7.6245 | D56: 5.8893 | E56: 6.0044 | F56: 6.2647
A57: 1982 | B57: 3 | C57: 3.8348 | D57: 4.0304 | E57: 4.3698 | F57: 4.1651
A58: 1982 | B58: 4 | C58: 3.3512 | D58: 2.5464 | E58: 2.4618 | F58: 2.4983
A59: 1983 | B59: 1 | C59: 4.5586 | D59: 3.6561 | E59: 3.5116 | F59: 3.6011
A60: 1983 | B60: 2 | C60: 4.1186 | D60: 3.634 | E60: 3.3793 | F60: 3.3985
A61: 1983 | B61: 3 | C61: 4.9081 | D61: 4.8008 | E61: 4.7899 | F61: 4.5282
A62: 1983 | B62: 4 | C62: 3.9532 | D62: 3.8701 | E62: 3.7406 | F62: 3.6478
A63: 1984 | B63: 1 | C63: 4.9127 | D63: 4.5397 | E63: 4.3135 | F63: 4.3279
A64: 1984 | B64: 2 | C64: 5.2978 | D64: 5.0512 | E64: 4.9755 | F64: 4.9844
... A219: 2023 | B219: 1 | C219: 1.2561 | D219: 1.6207 | E219: 1.8245 | F219: 1.8963

Sheet RR1_TBILL_CCPI
A1: YEAR | B1: QUARTER | C1: RR1_TBILL_CCPI_2 | D1: RR1_TBILL_CCPI_3 | E1: RR1_TBILL_CCPI_4 | F1: RR1_TBILL_CCPI_5 | G1: RR1_TBILL_CCPI_6
A2: 1968 | B2: 4 | C2: #N/A | D2: #N/A | E2: #N/A | F2: #N/A | G2: #N/A
A3: 1969 | B3: 1 | C3: #N/A | D3: #N/A | E3: #N/A | F3: #N/A | G3: #N/A
A4: 1969 | B4: 2 | C4: #N/A | D4: #N/A | E4: #N/A | F4: #N/A | G4: #N/A
A5: 1969 | B5: 3 | C5: #N/A | D5: #N/A | E5: #N/A | F5: #N/A | G5: #N/A
A6: 1969 | B6: 4 | C6: #N/A | D6: #N/A | E6: #N/A | F6: #N/A | G6: #N/A
A7: 1970 | B7: 1 | C7: #N/A | D7: #N/A | E7: #N/A | F7: #N/A | G7: #N/A
A8: 1970 | B8: 2 | C8: #N/A | D8: #N/A | E8: #N/A | F8: #N/A | G8: #N/A
A9: 1970 | B9: 3 | C9: #N/A | D9: #N/A | E9: #N/A | F9: #N/A | G9: #N/A
A10: 1970 | B10: 4 | C10: #N/A | D10: #N/A | E10: #N/A | F10: #N/A | G10: #N/A
A11: 1971 | B11: 1 | C11: #N/A | D11: #N/A | E11: #N/A | F11: #N/A | G11: #N/A
A12: 1971 | B12: 2 | C12: #N/A | D12: #N/A | E12: #N/A | F12: #N/A | G12: #N/A
A13: 1971 | B13: 3 | C13: #N/A | D13: #N/A | E13: #N/A | F13: #N/A | G13: #N/A
... A154: 2006 | B154: 4 | C154: #N/A | D154: #N/A | E154: #N/A | F154: #N/A | G154: #N/A
A155: 2007 | B155: 1 | C155: 2.7379 | D155: 2.6647 | E155: 2.55 | F155: 2.5381 | G155: 2.6322
A156: 2007 | B156: 2 | C156: 2.7682 | D156: 2.6247 | E156: 2.6192 | F156: 2.5751 | G156: 2.581
A157: 2007 | B157: 3 | C157: 2.574 | D157: 2.6203 | E157: 2.5736 | F157: 2.5296 | G157: 2.5144
A158: 2007 | B158: 4 | C158: 1.7874 | D158: 1.6963 | E158: 1.7369 | F158: 1.7429 | G158: 1.8628
A159: 2008 | B159: 1 | C159: 0.1513 | D159: 0.0142 | E159: 0.0044 | F159: 0.1217 | G159: 0.4411
A160: 2008 | B160: 2 | C160: -0.6726 | D160: -0.6778 | E160: -0.5379 | F160: -0.3462 | G160: 0.0066
A161: 2008 | B161: 3 | C161: -0.7342 | D161: -0.4549 | E161: -0.2138 | F161: 0.038 | G161: 0.2983
A162: 2008 | B162: 4 | C162: -1.3568 | D162: -1.1693 | E162: -1.0038 | F162: -0.9864 | G162: -0.6989
A163: 2009 | B163: 1 | C163: -0.4302 | D163: -0.8312 | E163: -0.9594 | F163: -0.9218 | G163: -0.6928
A164: 2009 | B164: 2 | C164: -1.0596 | D164: -1.0927 | E164: -1 | F164: -0.9512 | G164: -0.7665
A165: 2009 | B165: 3 | C165: -1.4274 | D165: -1.0188 | E165: -1.1375 | F165: -1.0742 | G165: -0.8354
A166: 2009 | B166: 4 | C166: -1.2033 | D166: -1.007 | E166: -1.0289 | F166: -0.938 | G166: -0.7011
... A219: 2023 | B219: 1 | C219: 0.7176 | D219: 1.227 | E219: 1.6789 | F219: 1.6986 | G219: 1.6605

Sheet RR2_TBILL_CCPI
A1: YEAR | B1: QUARTER | C1: RR2_TBILL_CCPI_2 | D1: RR2_TBILL_CCPI_3 | E1: RR2_TBILL_CCPI_4 | F1: RR2_TBILL_CCPI_5
A2: 1968 | B2: 4 | C2: #N/A | D2: #N/A | E2: #N/A | F2: #N/A
A3: 1969 | B3: 1 | C3: #N/A | D3: #N/A | E3: #N/A | F3: #N/A
A4: 1969 | B4: 2 | C4: #N/A | D4: #N/A | E4: #N/A | F4: #N/A
A5: 1969 | B5: 3 | C5: #N/A | D5: #N/A | E5: #N/A | F5: #N/A
A6: 1969 | B6: 4 | C6: #N/A | D6: #N/A | E6: #N/A | F6: #N/A
A7: 1970 | B7: 1 | C7: #N/A | D7: #N/A | E7: #N/A | F7: #N/A
A8: 1970 | B8: 2 | C8: #N/A | D8: #N/A | E8: #N/A | F8: #N/A
A9: 1970 | B9: 3 | C9: #N/A | D9: #N/A | E9: #N/A | F9: #N/A
A10: 1970 | B10: 4 | C10: #N/A | D10: #N/A | E10: #N/A | F10: #N/A
A11: 1971 | B11: 1 | C11: #N/A | D11: #N/A | E11: #N/A | F11: #N/A
A12: 1971 | B12: 2 | C12: #N/A | D12: #N/A | E12: #N/A | F12: #N/A
A13: 1971 | B13: 3 | C13: #N/A | D13: #N/A | E13: #N/A | F13: #N/A
... A154: 2006 | B154: 4 | C154: #N/A | D154: #N/A | E154: #N/A | F154: #N/A
A155: 2007 | B155: 1 | C155: 2.6804 | D155: 2.5949 | E155: 2.5852 | F155: 2.6691
A156: 2007 | B156: 2 | C156: 2.659 | D156: 2.658 | E156: 2.5999 | F156: 2.585
A157: 2007 | B157: 3 | C157: 2.5965 | D157: 2.5978 | E157: 2.5319 | F157: 2.5337
A158: 2007 | B158: 4 | C158: 1.7277 | D158: 1.7295 | E158: 1.6949 | F158: 1.7817
A159: 2008 | B159: 1 | C159: 0.2603 | D159: 0.0285 | E159: -0.001 | F159: 0.2036
A160: 2008 | B160: 2 | C160: -0.7754 | D160: -0.6901 | E160: -0.5267 | F160: -0.2679
A161: 2008 | B161: 3 | C161: -0.5586 | D161: -0.4014 | E161: -0.171 | F161: 0.011
A162: 2008 | B162: 4 | C162: -1.209 | D162: -1.1262 | E162: -1.1661 | F162: -0.9166
A163: 2009 | B163: 1 | C163: -0.8795 | D163: -1.0209 | E163: -1.0239 | F163: -0.8606
A164: 2009 | B164: 2 | C164: -1.1605 | D164: -1.066 | E164: -1.0837 | F164: -0.9774
A165: 2009 | B165: 3 | C165: -1.1101 | D165: -1.2611 | E165: -1.2447 | F165: -1.076
A166: 2009 | B166: 4 | C166: -1.0792 | D166: -1.183 | E166: -1.146 | F166: -1.0133
... A219: 2023 | B219: 1 | C219: 1.0278 | D219: 1.6898 | E219: 1.8559 | F219: 1.9282

Sheet RR3_TBILL_CCPI
A1: YEAR | B1: QUARTER | C1: RR3_TBILL_CCPI_2 | D1: RR3_TBILL_CCPI_3 | E1: RR3_TBILL_CCPI_4 | F1: RR3_TBILL_CCPI_5
A2: 1968 | B2: 4 | C2: #N/A | D2: #N/A | E2: #N/A | F2: #N/A
A3: 1969 | B3: 1 | C3: #N/A | D3: #N/A | E3: #N/A | F3: #N/A
A4: 1969 | B4: 2 | C4: #N/A | D4: #N/A | E4: #N/A | F4: #N/A
A5: 1969 | B5: 3 | C5: #N/A | D5: #N/A | E5: #N/A | F5: #N/A
A6: 1969 | B6: 4 | C6: #N/A | D6: #N/A | E6: #N/A | F6: #N/A
A7: 1970 | B7: 1 | C7: #N/A | D7: #N/A | E7: #N/A | F7: #N/A
A8: 1970 | B8: 2 | C8: #N/A | D8: #N/A | E8: #N/A | F8: #N/A
A9: 1970 | B9: 3 | C9: #N/A | D9: #N/A | E9: #N/A | F9: #N/A
A10: 1970 | B10: 4 | C10: #N/A | D10: #N/A | E10: #N/A | F10: #N/A
A11: 1971 | B11: 1 | C11: #N/A | D11: #N/A | E11: #N/A | F11: #N/A
A12: 1971 | B12: 2 | C12: #N/A | D12: #N/A | E12: #N/A | F12: #N/A
A13: 1971 | B13: 3 | C13: #N/A | D13: #N/A | E13: #N/A | F13: #N/A
... A154: 2006 | B154: 4 | C154: #N/A | D154: #N/A | E154: #N/A | F154: #N/A
A155: 2007 | B155: 1 | C155: 2.7096 | D155: 2.6301 | E155: 2.5677 | F155: 2.6005
A156: 2007 | B156: 2 | C156: 2.7137 | D156: 2.6414 | E156: 2.6124 | F156: 2.5762
A157: 2007 | B157: 3 | C157: 2.5854 | D157: 2.6091 | E157: 2.5528 | F157: 2.5267
A158: 2007 | B158: 4 | C158: 1.7576 | D158: 1.713 | E158: 1.716 | F158: 1.7629
A159: 2008 | B159: 1 | C159: 0.206 | D159: 0.0214 | E159: 0.0018 | F159: 0.1861
A160: 2008 | B160: 2 | C160: -0.7238 | D160: -0.6839 | E160: -0.5322 | F160: -0.2997
A161: 2008 | B161: 3 | C161: -0.6462 | D161: -0.4281 | E161: -0.1923 | F161: 0.0245
A162: 2008 | B162: 4 | C162: -1.2825 | D162: -1.1476 | E162: -1.0847 | F162: -0.9513
A163: 2009 | B163: 1 | C163: -0.6538 | D163: -0.9248 | E163: -0.9909 | F163: -0.9
A164: 2009 | B164: 2 | C164: -1.1086 | D164: -1.0787 | E164: -1.0417 | F164: -0.9639
A165: 2009 | B165: 3 | C165: -1.2681 | D165: -1.1397 | E165: -1.191 | F165: -1.075
A166: 2009 | B166: 4 | C166: -1.1411 | D166: -1.0948 | E166: -1.0874 | F166: -0.9898
... A219: 2023 | B219: 1 | C219: 0.8731 | D219: 1.4589 | E219: 1.7677 | F219: 1.8393

Sheet RR1_TBILL_PCE
A1: YEAR | B1: QUARTER | C1: RR1_TBILL_PCE_2 | D1: RR1_TBILL_PCE_3 | E1: RR1_TBILL_PCE_4 | F1: RR1_TBILL_PCE_5 | G1: RR1_TBILL_PCE_6
A2: 1968 | B2: 4 | C2: #N/A | D2: #N/A | E2: #N/A | F2: #N/A | G2: #N/A
A3: 1969 | B3: 1 | C3: #N/A | D3: #N/A | E3: #N/A | F3: #N/A | G3: #N/A
A4: 1969 | B4: 2 | C4: #N/A | D4: #N/A | E4: #N/A | F4: #N/A | G4: #N/A
A5: 1969 | B5: 3 | C5: #N/A | D5: #N/A | E5: #N/A | F5: #N/A | G5: #N/A
A6: 1969 | B6: 4 | C6: #N/A | D6: #N/A | E6: #N/A | F6: #N/A | G6: #N/A
A7: 1970 | B7: 1 | C7: #N/A | D7: #N/A | E7: #N/A | F7: #N/A | G7: #N/A
A8: 1970 | B8: 2 | C8: #N/A | D8: #N/A | E8: #N/A | F8: #N/A | G8: #N/A
A9: 1970 | B9: 3 | C9: #N/A | D9: #N/A | E9: #N/A | F9: #N/A | G9: #N/A
A10: 1970 | B10: 4 | C10: #N/A | D10: #N/A | E10: #N/A | F10: #N/A | G10: #N/A
A11: 1971 | B11: 1 | C11: #N/A | D11: #N/A | E11: #N/A | F11: #N/A | G11: #N/A
A12: 1971 | B12: 2 | C12: #N/A | D12: #N/A | E12: #N/A | F12: #N/A | G12: #N/A
A13: 1971 | B13: 3 | C13: #N/A | D13: #N/A | E13: #N/A | F13: #N/A | G13: #N/A
... A154: 2006 | B154: 4 | C154: #N/A | D154: #N/A | E154: #N/A | F154: #N/A | G154: #N/A
A155: 2007 | B155: 1 | C155: 3.2772 | D155: 2.79 | E155: 2.6958 | F155: 2.8476 | G155: 2.7251
A156: 2007 | B156: 2 | C156: 1.6818 | D156: 2.7448 | E156: 2.772 | F156: 2.6132 | G156: 2.7212
A157: 2007 | B157: 3 | C157: 2.8321 | D157: 2.8897 | E157: 2.7501 | F157: 2.7519 | G157: 2.6597
A158: 2007 | B158: 4 | C158: 1.3344 | D158: 1.4974 | E158: 1.8366 | F158: 1.9357 | G158: 2.0712
A159: 2008 | B159: 1 | C159: -0.3977 | D159: -0.0103 | E159: -0.2277 | F159: 0.194 | G159: 0.3988
A160: 2008 | B160: 2 | C160: -1.4277 | D160: -0.95 | E160: -0.4762 | F160: -0.3328 | G160: -0.0065
A161: 2008 | B161: 3 | C161: -2.3976 | D161: -0.8239 | E161: -0.2021 | F161: 0.4334 | G161: 0.6142
A162: 2008 | B162: 4 | C162: 1.7111 | D162: -0.3055 | E162: -0.7731 | F162: -0.9708 | G162: -0.8151
A163: 2009 | B163: 1 | C163: 2.0252 | D163: -0.3504 | E163: -1.106 | F163: -0.9788 | G163: -0.9652
A164: 2009 | B164: 2 | C164: -0.7715 | D164: -1.4297 | E164: -0.9785 | F164: -1.0653 | G164: -0.9452
A165: 2009 | B165: 3 | C165: -1.7568 | D165: -1.0924 | E165: -1.0105 | F165: -0.9254 | G165: -1.0276
A166: 2009 | B166: 4 | C166: -1.702 | D166: -0.9085 | E166: -0.8473 | F166: -1.0991 | G166: -0.8815
... A219: 2023 | B219: 1 | C219: 1.5153 | D219: 1.8557 | E219: 2.1341 | F219: 1.9947 | G219: 1.9112

Sheet RR2_TBILL_PCE
A1: YEAR | B1: QUARTER | C1: RR2_TBILL_PCE_2 | D1: RR2_TBILL_PCE_3 | E1: RR2_TBILL_PCE_4 | F1: RR2_TBILL_PCE_5
A2: 1968 | B2: 4 | C2: #N/A | D2: #N/A | E2: #N/A | F2: #N/A
A3: 1969 | B3: 1 | C3: #N/A | D3: #N/A | E3: #N/A | F3: #N/A
A4: 1969 | B4: 2 | C4: #N/A | D4: #N/A | E4: #N/A | F4: #N/A
A5: 1969 | B5: 3 | C5: #N/A | D5: #N/A | E5: #N/A | F5: #N/A
A6: 1969 | B6: 4 | C6: #N/A | D6: #N/A | E6: #N/A | F6: #N/A
A7: 1970 | B7: 1 | C7: #N/A | D7: #N/A | E7: #N/A | F7: #N/A
A8: 1970 | B8: 2 | C8: #N/A | D8: #N/A | E8: #N/A | F8: #N/A
A9: 1970 | B9: 3 | C9: #N/A | D9: #N/A | E9: #N/A | F9: #N/A
A10: 1970 | B10: 4 | C10: #N/A | D10: #N/A | E10: #N/A | F10: #N/A
A11: 1971 | B11: 1 | C11: #N/A | D11: #N/A | E11: #N/A | F11: #N/A
A12: 1971 | B12: 2 | C12: #N/A | D12: #N/A | E12: #N/A | F12: #N/A
A13: 1971 | B13: 3 | C13: #N/A | D13: #N/A | E13: #N/A | F13: #N/A
... A154: 2006 | B154: 4 | C154: #N/A | D154: #N/A | E154: #N/A | F154: #N/A
A155: 2007 | B155: 1 | C155: 2.8086 | D155: 2.7265 | E155: 2.8933 | F155: 2.7806
A156: 2007 | B156: 2 | C156: 2.7639 | D156: 2.7928 | E156: 2.6458 | F156: 2.7335
A157: 2007 | B157: 3 | C157: 2.8657 | D157: 2.769 | E157: 2.752 | F157: 2.6729
A158: 2007 | B158: 4 | C158: 1.5063 | D158: 1.8327 | E158: 1.873 | F158: 1.9887
A159: 2008 | B159: 1 | C159: 0.2 | D159: -0.2094 | E159: 0.0499 | F159: 0.1095
A160: 2008 | B160: 2 | C160: -1.0313 | D160: -0.6458 | E160: -0.5249 | F160: -0.2635
A161: 2008 | B161: 3 | C161: -0.925 | D161: -0.3928 | E161: 0.2145 | F161: 0.2982
A162: 2008 | B162: 4 | C162: -0.3537 | D162: -0.8917 | E162: -1.1551 | F162: -1.0402
A163: 2009 | B163: 1 | C163: -0.4091 | D163: -1.1621 | E163: -1.0865 | F163: -1.133
A164: 2009 | B164: 2 | C164: -1.5022 | D164: -1.0411 | E164: -1.1859 | F164: -1.1548
A165: 2009 | B165: 3 | C165: -1.1882 | D165: -1.1362 | E165: -1.1015 | F165: -1.277
A166: 2009 | B166: 4 | C166: -0.9813 | D166: -0.9985 | E166: -1.3048 | F166: -1.2077
... A219: 2023 | B219: 1 | C219: 1.6542 | D219: 2.1492 | E219: 2.1451 | F219: 2.1681

Sheet RR3_TBILL_PCE
A1: YEAR | B1: QUARTER | C1: RR3_TBILL_PCE_2 | D1: RR3_TBILL_PCE_3 | E1: RR3_TBILL_PCE_4 | F1: RR3_TBILL_PCE_5
A2: 1968 | B2: 4 | C2: #N/A | D2: #N/A | E2: #N/A | F2: #N/A
A3: 1969 | B3: 1 | C3: #N/A | D3: #N/A | E3: #N/A | F3: #N/A
A4: 1969 | B4: 2 | C4: #N/A | D4: #N/A | E4: #N/A | F4: #N/A
A5: 1969 | B5: 3 | C5: #N/A | D5: #N/A | E5: #N/A | F5: #N/A
A6: 1969 | B6: 4 | C6: #N/A | D6: #N/A | E6: #N/A | F6: #N/A
A7: 1970 | B7: 1 | C7: #N/A | D7: #N/A | E7: #N/A | F7: #N/A
A8: 1970 | B8: 2 | C8: #N/A | D8: #N/A | E8: #N/A | F8: #N/A
A9: 1970 | B9: 3 | C9: #N/A | D9: #N/A | E9: #N/A | F9: #N/A
A10: 1970 | B10: 4 | C10: #N/A | D10: #N/A | E10: #N/A | F10: #N/A
A11: 1971 | B11: 1 | C11: #N/A | D11: #N/A | E11: #N/A | F11: #N/A
A12: 1971 | B12: 2 | C12: #N/A | D12: #N/A | E12: #N/A | F12: #N/A
A13: 1971 | B13: 3 | C13: #N/A | D13: #N/A | E13: #N/A | F13: #N/A
... A154: 2006 | B154: 4 | C154: #N/A | D154: #N/A | E154: #N/A | F154: #N/A
A155: 2007 | B155: 1 | C155: 3.0438 | D155: 2.7586 | E155: 2.7948 | F155: 2.8173
A156: 2007 | B156: 2 | C156: 2.2261 | D156: 2.7691 | E156: 2.7094 | F156: 2.6739
A157: 2007 | B157: 3 | C157: 2.8498 | D157: 2.8296 | E157: 2.7511 | F157: 2.7124
A158: 2007 | B158: 4 | C158: 1.4213 | D158: 1.6659 | E158: 1.855 | F158: 1.9623
A159: 2008 | B159: 1 | C159: -0.0973 | D159: -0.1095 | E159: -0.088 | F159: 0.1525
A160: 2008 | B160: 2 | C160: -1.2285 | D160: -0.7969 | E160: -0.5002 | F160: -0.2977
A161: 2008 | B161: 3 | C161: -1.6565 | D161: -0.6069 | E161: 0.0073 | F161: 0.3664
A162: 2008 | B162: 4 | C162: 0.6881 | D162: -0.5974 | E162: -0.9632 | F162: -1.0052
A163: 2009 | B163: 1 | C163: 0.8181 | D163: -0.7546 | E163: -1.0947 | F163: -1.0553
A164: 2009 | B164: 2 | C164: -1.1335 | D164: -1.2318 | E164: -1.0819 | F164: -1.1098
A165: 2009 | B165: 3 | C165: -1.471 | D165: -1.1137 | E165: -1.0551 | F165: -1.0981
A166: 2009 | B166: 4 | C166: -1.3391 | D166: -0.9528 | E166: -1.0746 | F166: -1.1533
... A219: 2023 | B219: 1 | C219: 1.5854 | D219: 2.0027 | E219: 2.1398 | F219: 2.0992

Sheet RR1_TBILL_CPCE
A1: YEAR | B1: QUARTER | C1: RR1_TBILL_CPCE_2 | D1: RR1_TBILL_CPCE_3 | E1: RR1_TBILL_CPCE_4 | F1: RR1_TBILL_CPCE_5 | G1: RR1_TBILL_CPCE_6
A2: 1968 | B2: 4 | C2: #N/A | D2: #N/A | E2: #N/A | F2: #N/A | G2: #N/A
A3: 1969 | B3: 1 | C3: #N/A | D3: #N/A | E3: #N/A | F3: #N/A | G3: #N/A
A4: 1969 | B4: 2 | C4: #N/A | D4: #N/A | E4: #N/A | F4: #N/A | G4: #N/A
A5: 1969 | B5: 3 | C5: #N/A | D5: #N/A | E5: #N/A | F5: #N/A | G5: #N/A
A6: 1969 | B6: 4 | C6: #N/A | D6: #N/A | E6: #N/A | F6: #N/A | G6: #N/A
A7: 1970 | B7: 1 | C7: #N/A | D7: #N/A | E7: #N/A | F7: #N/A | G7: #N/A
A8: 1970 | B8: 2 | C8: #N/A | D8: #N/A | E8: #N/A | F8: #N/A | G8: #N/A
A9: 1970 | B9: 3 | C9: #N/A | D9: #N/A | E9: #N/A | F9: #N/A | G9: #N/A
A10: 1970 | B10: 4 | C10: #N/A | D10: #N/A | E10: #N/A | F10: #N/A | G10: #N/A
A11: 1971 | B11: 1 | C11: #N/A | D11: #N/A | E11: #N/A | F11: #N/A | G11: #N/A
A12: 1971 | B12: 2 | C12: #N/A | D12: #N/A | E12: #N/A | F12: #N/A | G12: #N/A
A13: 1971 | B13: 3 | C13: #N/A | D13: #N/A | E13: #N/A | F13: #N/A | G13: #N/A
... A154: 2006 | B154: 4 | C154: #N/A | D154: #N/A | E154: #N/A | F154: #N/A | G154: #N/A
A155: 2007 | B155: 1 | C155: 3.0179 | D155: 2.9176 | E155: 2.8773 | F155: 2.8469 | G155: 2.8175
A156: 2007 | B156: 2 | C156: 2.9034 | D156: 2.835 | E156: 2.8626 | F156: 2.8435 | G156: 2.873
A157: 2007 | B157: 3 | C157: 2.9098 | D157: 2.9485 | E157: 2.8536 | F157: 2.9055 | G157: 2.8141
A158: 2007 | B158: 4 | C158: 2.0813 | D158: 1.9392 | E158: 1.9992 | F158: 2.0204 | G158: 2.174
A159: 2008 | B159: 1 | C159: 0.3191 | D159: 0.2238 | E159: 0.1756 | F159: 0.275 | G159: 0.5846
A160: 2008 | B160: 2 | C160: -0.5489 | D160: -0.4314 | E160: -0.3421 | F160: -0.1397 | G160: 0.1884
A161: 2008 | B161: 3 | C161: -0.4509 | D161: -0.2547 | E161: -0.0263 | F161: 0.2358 | G161: 0.5067
A162: 2008 | B162: 4 | C162: -1.1899 | D162: -0.9193 | E162: -0.8947 | F162: -0.7673 | G162: -0.5512
A163: 2009 | B163: 1 | C163: -0.4991 | D163: -0.7598 | E163: -0.8732 | F163: -0.7333 | G163: -0.7949
A164: 2009 | B164: 2 | C164: -1.188 | D164: -0.9582 | E164: -0.8419 | F164: -0.8463 | G164: -0.7791
A165: 2009 | B165: 3 | C165: -1.2628 | D165: -0.7521 | E165: -0.8568 | F165: -0.9065 | G165: -0.685
A166: 2009 | B166: 4 | C166: -1.0174 | D166: -0.8863 | E166: -0.8529 | F166: -0.7106 | G166: -0.4871
... A219: 2023 | B219: 1 | C219: 1.1556 | D219: 1.6564 | E219: 1.9487 | F219: 1.9951 | G219: 1.8677

Sheet RR2_TBILL_CPCE
A1: YEAR | B1: QUARTER | C1: RR2_TBILL_CPCE_2 | D1: RR2_TBILL_CPCE_3 | E1: RR2_TBILL_CPCE_4 | F1: RR2_TBILL_CPCE_5
A2: 1968 | B2: 4 | C2: #N/A | D2: #N/A | E2: #N/A | F2: #N/A
A3: 1969 | B3: 1 | C3: #N/A | D3: #N/A | E3: #N/A | F3: #N/A
A4: 1969 | B4: 2 | C4: #N/A | D4: #N/A | E4: #N/A | F4: #N/A
A5: 1969 | B5: 3 | C5: #N/A | D5: #N/A | E5: #N/A | F5: #N/A
A6: 1969 | B6: 4 | C6: #N/A | D6: #N/A | E6: #N/A | F6: #N/A
A7: 1970 | B7: 1 | C7: #N/A | D7: #N/A | E7: #N/A | F7: #N/A
A8: 1970 | B8: 2 | C8: #N/A | D8: #N/A | E8: #N/A | F8: #N/A
A9: 1970 | B9: 3 | C9: #N/A | D9: #N/A | E9: #N/A | F9: #N/A
A10: 1970 | B10: 4 | C10: #N/A | D10: #N/A | E10: #N/A | F10: #N/A
A11: 1971 | B11: 1 | C11: #N/A | D11: #N/A | E11: #N/A | F11: #N/A
A12: 1971 | B12: 2 | C12: #N/A | D12: #N/A | E12: #N/A | F12: #N/A
A13: 1971 | B13: 3 | C13: #N/A | D13: #N/A | E13: #N/A | F13: #N/A
... A154: 2006 | B154: 4 | C154: #N/A | D154: #N/A | E154: #N/A | F154: #N/A
A155: 2007 | B155: 1 | C155: 2.9256 | D155: 2.919 | E155: 2.8906 | F155: 2.8463
A156: 2007 | B156: 2 | C156: 2.8525 | D156: 2.8898 | E156: 2.851 | F156: 2.871
A157: 2007 | B157: 3 | C157: 2.911 | D157: 2.8666 | E157: 2.8951 | F157: 2.8251
A158: 2007 | B158: 4 | C158: 1.9663 | D158: 1.9971 | E158: 1.9732 | F158: 2.1002
A159: 2008 | B159: 1 | C159: 0.464 | D159: 0.1937 | E159: 0.1569 | F159: 0.3064
A160: 2008 | B160: 2 | C160: -0.5233 | D160: -0.4914 | E160: -0.3154 | F160: -0.0816
A161: 2008 | B161: 3 | C161: -0.3592 | D161: -0.199 | E161: 0.0069 | F161: 0.2173
A162: 2008 | B162: 4 | C162: -0.9576 | D162: -1.0041 | E162: -0.9677 | F162: -0.7856
A163: 2009 | B163: 1 | C163: -0.8131 | D163: -0.9408 | E163: -0.8173 | F163: -0.9801
A164: 2009 | B164: 2 | C164: -1.0317 | D164: -0.9152 | E164: -0.9904 | F164: -1.0041
A165: 2009 | B165: 3 | C165: -0.8492 | D165: -0.9871 | E165: -1.0735 | F165: -0.9043
A166: 2009 | B166: 4 | C166: -0.9636 | D166: -1.0188 | E166: -0.9154 | F166: -0.8065
... A219: 2023 | B219: 1 | C219: 1.4572 | D219: 1.9595 | E219: 2.1524 | F219: 2.1354

Sheet RR3_TBILL_CPCE
A1: YEAR | B1: QUARTER | C1: RR3_TBILL_CPCE_2 | D1: RR3_TBILL_CPCE_3 | E1: RR3_TBILL_CPCE_4 | F1: RR3_TBILL_CPCE_5
A2: 1968 | B2: 4 | C2: #N/A | D2: #N/A | E2: #N/A | F2: #N/A
A3: 1969 | B3: 1 | C3: #N/A | D3: #N/A | E3: #N/A | F3: #N/A
A4: 1969 | B4: 2 | C4: #N/A | D4: #N/A | E4: #N/A | F4: #N/A
A5: 1969 | B5: 3 | C5: #N/A | D5: #N/A | E5: #N/A | F5: #N/A
A6: 1969 | B6: 4 | C6: #N/A | D6: #N/A | E6: #N/A | F6: #N/A
A7: 1970 | B7: 1 | C7: #N/A | D7: #N/A | E7: #N/A | F7: #N/A
A8: 1970 | B8: 2 | C8: #N/A | D8: #N/A | E8: #N/A | F8: #N/A
A9: 1970 | B9: 3 | C9: #N/A | D9: #N/A | E9: #N/A | F9: #N/A
A10: 1970 | B10: 4 | C10: #N/A | D10: #N/A | E10: #N/A | F10: #N/A
A11: 1971 | B11: 1 | C11: #N/A | D11: #N/A | E11: #N/A | F11: #N/A
A12: 1971 | B12: 2 | C12: #N/A | D12: #N/A | E12: #N/A | F12: #N/A
A13: 1971 | B13: 3 | C13: #N/A | D13: #N/A | E13: #N/A | F13: #N/A
... A154: 2006 | B154: 4 | C154: #N/A | D154: #N/A | E154: #N/A | F154: #N/A
A155: 2007 | B155: 1 | C155: 2.9718 | D155: 2.9184 | E155: 2.884 | F155: 2.842
A156: 2007 | B156: 2 | C156: 2.878 | D156: 2.8624 | E156: 2.8568 | F156: 2.8525
A157: 2007 | B157: 3 | C157: 2.9105 | D157: 2.9076 | E157: 2.8744 | F157: 2.8606
A158: 2007 | B158: 4 | C158: 2.024 | D158: 1.9682 | E158: 1.9862 | F158: 2.0621
A159: 2008 | B159: 1 | C159: 0.3917 | D159: 0.2089 | E159: 0.1663 | F159: 0.3021
A160: 2008 | B160: 2 | C160: -0.5361 | D160: -0.4613 | E160: -0.3287 | F160: -0.1057
A161: 2008 | B161: 3 | C161: -0.4049 | D161: -0.2268 | E161: -0.0096 | F161: 0.2229
A162: 2008 | B162: 4 | C162: -1.0735 | D162: -0.9616 | E162: -0.9311 | F162: -0.7762
A163: 2009 | B163: 1 | C163: -0.6557 | D163: -0.85 | E163: -0.8449 | F163: -0.869
A164: 2009 | B164: 2 | C164: -1.1093 | D164: -0.9364 | E164: -0.9159 | F164: -0.925
A165: 2009 | B165: 3 | C165: -1.0553 | D165: -0.8693 | E165: -0.9648 | F165: -0.9052
A166: 2009 | B166: 4 | C166: -0.9904 | D166: -0.9524 | E166: -0.884 | F166: -0.7786
... A219: 2023 | B219: 1 | C219: 1.3068 | D219: 1.8085 | E219: 2.051 | F219: 2.0819

Sheet SPR
A1: =BOND10!A1 -> YEAR | B1: =BOND10!B1 -> QUARTER | C1: =BOND10!C1 -> BOND10 | D1: =BOND10!D1 -> BOND10f | E1: =BILL10!C1 -> BILL10 | F1: =BILL10!D1 -> BILL10f | G1: SPR10y3m
A2: =BOND10!A2 -> 1968 | B2: =BOND10!B2 -> 4 | C2: =BOND10!C2 -> #N/A | D2: =BOND10!D2 | E2: =BILL10!C2 -> #N/A | F2: =BILL10!D2
A3: =BOND10!A3 -> 1969 | B3: =BOND10!B3 -> 1 | C3: =BOND10!C3 -> #N/A | D3: =BOND10!D3 | E3: =BILL10!C3 -> #N/A | F3: =BILL10!D3
A4: =BOND10!A4 -> 1969 | B4: =BOND10!B4 -> 2 | C4: =BOND10!C4 -> #N/A | D4: =BOND10!D4 | E4: =BILL10!C4 -> #N/A | F4: =BILL10!D4
A5: =BOND10!A5 -> 1969 | B5: =BOND10!B5 -> 3 | C5: =BOND10!C5 -> #N/A | D5: =BOND10!D5 | E5: =BILL10!C5 -> #N/A | F5: =BILL10!D5
A6: =BOND10!A6 -> 1969 | B6: =BOND10!B6 -> 4 | C6: =BOND10!C6 -> #N/A | D6: =BOND10!D6 | E6: =BILL10!C6 -> #N/A | F6: =BILL10!D6
A7: =BOND10!A7 -> 1970 | B7: =BOND10!B7 -> 1 | C7: =BOND10!C7 -> #N/A | D7: =BOND10!D7 | E7: =BILL10!C7 -> #N/A | F7: =BILL10!D7
A8: =BOND10!A8 -> 1970 | B8: =BOND10!B8 -> 2 | C8: =BOND10!C8 -> #N/A | D8: =BOND10!D8 | E8: =BILL10!C8 -> #N/A | F8: =BILL10!D8
A9: =BOND10!A9 -> 1970 | B9: =BOND10!B9 -> 3 | C9: =BOND10!C9 -> #N/A | D9: =BOND10!D9 | E9: =BILL10!C9 -> #N/A | F9: =BILL10!D9
A10: =BOND10!A10 -> 1970 | B10: =BOND10!B10 -> 4 | C10: =BOND10!C10 -> #N/A | D10: =BOND10!D10 | E10: =BILL10!C10 -> #N/A | F10: =BILL10!D10
A11: =BOND10!A11 -> 1971 | B11: =BOND10!B11 -> 1 | C11: =BOND10!C11 -> #N/A | D11: =BOND10!D11 | E11: =BILL10!C11 -> #N/A | F11: =BILL10!D11
A12: =BOND10!A12 -> 1971 | B12: =BOND10!B12 -> 2 | C12: =BOND10!C12 -> #N/A | D12: =BOND10!D12 | E12: =BILL10!C12 -> #N/A | F12: =BILL10!D12
A13: =BOND10!A13 -> 1971 | B13: =BOND10!B13 -> 3 | C13: =BOND10!C13 -> #N/A | D13: =BOND10!D13 | E13: =BILL10!C13 -> #N/A | F13: =BILL10!D13
... A154: =BOND10!A154 -> 2006 | B154: =BOND10!B154 -> 4 | C154: =BOND10!C154 -> #N/A | D154: =BOND10!D154 -> 5.1457 | E154: =BILL10!C154 -> #N/A | F154: =BILL10!D154 -> 4.2002
